book_id,title,source,indiv_a,indiv_b,neutral_a,neutral_b,now_a,now_b,cause_a,cause_b,acad_a,acad_b,narrative_a,narrative_b,prompt_version,topics,cover_url,topics_hash
"1","사과하려 했는데","notion","0.7","0.3","0.6","0.4","0.5","0.5","0.3","0.7","0.2","0.8","0.6","0.4","v3","#미안함 #가족의관계 #어린이문학 #감정탐구 #성장소설","https://image.aladin.co.kr/product/38835/26/cover500/k942137383_1.jpg","3e803283ea26499f264a82336a0c2673"
"2","독학이라는 세계","notion","0.7","0.3","0.6","0.4","0.5","0.5","0.4","0.6","0.4","0.6","0.3","0.7","v3","#학습의의미 #지적탐구 #교육 #독서","https://image.aladin.co.kr/product/38876/28/cover500/k642137107_1.jpg","d6fa691a98186075ba040bbed7a6a555"
"3","러시아가 승리한다면","notion","0.4","0.6","0.3","0.7","0.5","0.5","0.4","0.6","0.5","0.5","0","0","v3","#러시아 #미국전략 #동서전쟁 #국제질서 #힘의균형","https://image.aladin.co.kr/product/38893/49/cover500/k572137503_1.jpg","942fb5ca7a0a12bb0cc5428f3e581815"
"4","러시아 제국 연구","notion","0.2","0.8","0.4","0.6","0","0","0","0","0.9","0.1","0.1","0.9","v3","#러시아제국 #제국주의시대 #역사연구 #동유럽역사 #러시아사회","https://image.aladin.co.kr/product/38846/47/cover500/k732137700_2.jpg","3c7115d9fcb6dfb418a3725e93ef70ff"
"5","슬픈 살인","notion","0.7","0.4","0","0","0.8","0.2","0.4","0.6","0.3","0.7","0","0","v4a","#조현병 #정신질환 #정신건강 #사회적고립 #예일대","https://image.aladin.co.kr/product/38875/4/cover500/k832137104_1.jpg","600fda3d5849a4b2a1ce96e4377bfa29"
"6","오징어땅콩전","notion","0.6","0.4","0.5","0.5","0.5","0.5","0.3","0.7","0.3","0.7","0.7","0.3","v3","#오징어땅콩 #전쟁이야기 #어린이문학 #이야기의힘 #상상력","https://image.aladin.co.kr/product/38846/93/cover500/k262137701_1.jpg","a2074d523f6bc9f15afbf22f3db9029a"
"7","나의 친구들","notion","0.8","0.3","0","0","0","0","0","0","0","0","0.9","0.1","v4a","#청소년우정 #성장소설 #사회적관계 #소설의향기 #14살의존재 #소설","https://image.aladin.co.kr/product/38873/48/cover500/k802137100_1.jpg","a2877fd4ab2876ea7d497e898b711e7e"
"8","호모 카르보","notion","0.5","0.5","0.4","0.6","0.3","0.7","0.4","0.6","0.6","0.4","0","0","v3","#탄소발자국 #호모카르보 #기후위기 #지속가능한사회","https://image.aladin.co.kr/product/38829/96/cover500/k652137288_1.jpg","fcdefc53ee5445ce7ab8f18531245b1d"
"9","눈물도감","notion","0.5","0.5","0.5","0.5","0","0","0","0","0.3","0.7","0.7","0.3","v3","#눈물과감정 #자연과학어린이 #감정의미 #어린이문학 #눈물의과학","https://image.aladin.co.kr/product/38849/92/cover500/k382137705_1.jpg","670f820676c4104368bd01457b8ca29d"
"10","로봇의 미래","notion","0.4","0.6","0.5","0.5","0","0","0","0","0.7","0.3","0","0","v3","#인공지능 #로봇윤리 #AI의미래","https://image.aladin.co.kr/product/38836/92/cover500/k222137387_1.jpg","6a87cdb2800e6a053007fa8706410ddd"
"11","숲으로 출근합니다","notion","0.5","0.5","0.4","0.6","0","0","0","0","0.3","0.7","0.3","0.7","v3","#숲과도시 #자연과의교감 #환경과학 #도시인의여유","https://image.aladin.co.kr/product/38885/58/cover500/k112137400_1.jpg","9be8d4c66147cc731d9071ea1b35c0b5"
"12","제철의 셰프","notion","0.4","0.6","0.3","0.7","0","0","0","0","0","0","0.5","0.5","v3","#문화와예술 #제철요리 #셰프의삶 #식문화 #계절과음식","https://image.aladin.co.kr/product/38837/39/cover500/k792137488_1.jpg","20c84ebf2a0d06f0c7639d11bfab8274"
"13","아버지 없는 세상의 아들들","notion","0.6","0.4","0.5","0.5","0","0","0","0","0","0","0.4","0.6","v3","#아버지의부재 #존재론적불안 #남성성의위기 #여성혐오 #정신분석","https://image.aladin.co.kr/product/38879/67/cover500/k462137206_1.jpg","a2437c855e23edf1848f286b54972e8f"
"14","빛의 광장의 기록","notion","0.5","0.5","0.4","0.6","0","0","0","0","0","0","0","0","v3","#촛불집회 #광장의기록 #민주주의 #시민운동 #역사와기록","https://image.aladin.co.kr/product/38790/41/cover500/k942137216_2.jpg","91908668be308844460b2d9569c7fc6a"
"15","슬픈 호랑이","notion","0.6","0.4","0.5","0.5","0","0","0","0","0.3","0.7","0.5","0.5","v3","#아동성폭력 #글쓰기의치유 #호랑이의슬픔 #피해자성찰 #정신적고통","https://image.aladin.co.kr/product/38886/0/cover500/8932925658_1.jpg","a8810d4d7f8f0c04ca3e63836fc7eb14"
"16","만국의 악당","notion","0.7","0.4","0.4","0.5","0.3","0.6","0.4","0.5","0.3","0.7","0.4","0.6","v3","#해적의역사 #국가와해방 #대안적사회 #탈권력 #역사적반항","https://image.aladin.co.kr/product/38931/90/cover500/896195413x_1.jpg","23a54455983e1b6387e6e795dcafe0f4"
"17","아포칼립스","notion","0.4","0.6","0.3","0.7","0.5","0.5","0.4","0.6","0.5","0.5","0","0","v3","#역사적종말 #대유행 #인류의위기 #아포칼립스 #인류재건 #세계역사","https://image.aladin.co.kr/product/38941/68/cover500/k672137019_1.jpg","a1ec53c31bbd02e120289f691535644d"
"18","아이들이 쉬는 숨","notion","0.6","0.4","0.4","0.6","0.5","0.5","0.4","0.6","0.3","0.7","0.2","0.8","v3","#기후위기 #아이들의건강 #과학과미래 #호흡기질환","https://image.aladin.co.kr/product/38880/40/cover500/8965968089_1.jpg","3b6020c4cc5f2ebd3bec648c42714ff9"
"19","수상할 만큼 완벽한 결혼식","notion","0.5","0.5","0.4","0.6","0.5","0.5","0.4","0.6","0.3","0.7","0.4","0.6","v3","#결혼의사회 #K웨딩 #정상성 #예비부부 #규격화된결혼","https://image.aladin.co.kr/product/38887/39/cover500/k992137404_1.jpg","52e6e7368a1a1576ff0fa071e2d882c4"
"20","늙지 않는 몸","notion","0.4","0.6","0.3","0.7","0.2","0.8","0.3","0.7","0.2","0.8","0.3","0.7","v3","#노화방지 #생명과학 #건강기술 #체내기전 #수명연구","https://image.aladin.co.kr/product/38878/58/cover500/k952137203_1.jpg","7652a85586620896db43cac502c18508"
"21","교육은 유전을 이길 수 있는가","notion","0.5","0.5","0","0","0.7","0.3","0.4","0.6","0.6","0.4","0","0","v4a","#유전의시대 #교육과사회 #뇌과학과교육 #진화론적고찰","https://image.aladin.co.kr/product/38872/86/cover500/k122137007_1.jpg","40f88ec85bce1f6cea4951e4149eddb6"
"22","욕망의 음식","notion","0.5","0.5","0.6","0.4","0","0","0","0","0.4","0.6","0.7","0.3","v3","#문화와예술 #침고이는이야기","https://image.aladin.co.kr/product/38873/63/cover500/k872137101_1.jpg","053efae9e1d036d82aeda89d00689dbc"
"23","오버씽킹","notion","0.7","0.3","0.4","0.6","0.6","0.4","0.4","0.6","0.3","0.7","0.3","0.7","v3","#오버씽킹 #인지왜곡 #심리적안전 #자기조절","https://image.aladin.co.kr/product/38843/91/cover500/8901299607_1.jpg","37664eb97b699b9e0e04adb1fe6ee26a"
"24","엄마가 된 걸 후회한다고 말했다","notion","0.7","0.3","0.5","0.5","0","0","0","0","0.3","0.7","0.6","0.4","v3","#엄마의후회 #출산후조현상 #여성 #가족관계 #양육의고민","https://image.aladin.co.kr/product/38851/73/cover500/8964375009_1.jpg","f3c00d4baa40312bc6ec8f0043a25a34"
"25","돈 주운 자의 최후","notion","0.5","0.5","0.4","0.6","0.4","0.6","0.4","0.6","0.3","0.7","0.4","0.6","v3","#돈의가치 #탐욕과도덕 #잃어버린소중함 #인간의본성 #나눔과공감","https://image.aladin.co.kr/product/38878/20/cover500/8949162687_1.jpg","2eb7628eb5336e88e0e5978b64e921b0"
"26","다정함의 배신","notion","0.5","0.5","0.4","0.6","0","0","0.3","0.7","0.2","0.8","0.4","0.6","v3","#다정함의배신 #착취전략 #사회적관계 #사회심리학 #도덕의심리","https://image.aladin.co.kr/product/38835/16/cover500/k522137382_1.jpg","f3393965a4287301e3f4aa9e0ab766d1"
"27","매일 아침 나는 텃밭에 간다","notion","0.6","0.4","0.5","0.5","0.4","0.6","0.3","0.7","0.2","0.8","0.5","0.5","v3","#텃밭과일상 #농촌생활 #자연과의연결 #정체성탐구 #일상의의미","https://image.aladin.co.kr/product/38802/82/cover500/k042137889_3.jpg","1066d45dfe147ac2a875dc44bff7cf3c"
"28","F1 더 포뮬러","notion","0.3","0.7","0","0","0","0","0","0","0.2","0.8","0.1","0.9","v3","#F1레이싱 #자동차스포츠 #기술과예술","https://image.aladin.co.kr/product/38751/18/cover500/8925572761_3.jpg","2a808c12e2f357c67eea28b7a205c524"
"29","결혼 옵션 세대","notion","0.7","0.4","0.4","0.6","0.6","0.3","0.5","0.5","0.3","0.7","0","0.8","v3","#청년세대 #여성과결혼 #결혼의변화 #저출생문제 #구조적문제","https://image.aladin.co.kr/product/38835/31/cover500/k162137383_1.jpg","05d927930fee0af158ad88adc3bdbef6"
"30","과학하는 인간의 태도","notion","0.4","0.5","0.6","0.4","0","0","0","0","0.8","0.2","0","0.9","v3","#과학자들의태도 #자연과학의기원 #과학적사고방식 #인간과과학 #과학적탐구","https://image.aladin.co.kr/product/38837/1/cover500/k552137387_1.jpg","d3a14f52fa313e6df1c6ff512680f5fb"
"31","슬픔의 물리학","notion","0.6","0.3","0.5","0.5","0","0","0","0","0","0","0.8","0.2","v3","#고통과공감 #삶의회복 #가족의상실 #문학적고찰 #소설","https://image.aladin.co.kr/product/38858/61/cover500/k852137009_1.jpg","d591ea06a2c2a9f62de867d5e86b7458"
"32","여자, 기록을 가로채다","notion","0.4","0.6","0","0","0","0","0","0","0.3","0.7","0.2","0.8","v3","#한국사속여성 #기록의역학 #여성의삶의기록 #기생과여성 #역사속주체적여성 #역사와기록","https://image.aladin.co.kr/product/38856/1/cover500/k772137900_1.jpg","f65de29ca80d09d8e39b9857be7599b5"
"33","나라는 사람","notion","0.7","0.3","0.5","0.5","0.4","0.6","0.3","0.7","0.2","0.8","0.4","0.6","v3","#국가와인간 #국가와정체성 #사회적고립 #개인의삶 #정체성위기","https://image.aladin.co.kr/product/38858/34/cover500/k852137008_1.jpg","01cb9b3da1c10a8123c71d7edbdd80a1"
"34","남성 판타지","notion","0.6","0.4","0.4","0.6","0.3","0.7","0.4","0.6","0.3","0.7","0.5","0.5","v3","#남성판타지 #파시즘 #심리적기원 #역사적근원 #정치적심리","https://image.aladin.co.kr/product/38850/52/cover500/k112137808_1.jpg","2d27f309aed0834f1d3b3a99adbb7575"
"35","전범선의 한국사 테라피","notion","0.5","0.5","0.4","0.6","0","0","0.3","0.7","0.4","0.6","0","0","v3","#한국사 #전쟁과정치 #역사의치유 #증오와갈등","https://image.aladin.co.kr/product/38793/34/cover500/k922137266_1.jpg","3628cfdeab5347f00ac24bc0dd6ad767"
"36","꽃무늬 원피스를 입은 소년","notion","0.6","0.3","0","0","0","0","0","0","0","0","0.9","0.1","v3","#소년의일상 #꽃무늬의미 #어린이문학 #감성적이야기 #평범함의예술","https://image.aladin.co.kr/product/38793/10/cover500/k622137263_1.jpg","237f6bb959e9f7a67c9ec1cd6cbe7e81"
"37","약속의 세대","notion","0.7","0.3","0.5","0.5","0","0","0","0","0.4","0.6","0","0","v3","#세대정치 #믿음의문제 #어른의예술 #회복탄력성 #자아성찰","https://image.aladin.co.kr/product/38829/70/cover500/k732137187_1.jpg","34c6c97a3a9f7168c53e9dcb42c72ebc"
"38","4·3, 아카이브로 본 역사","notion","0.4","0.6","0.5","0.5","0","0","0","0","0.5","0.5","0","0","v3","#4·3사건 #역사와기록 #아카이브의역사 #민중투쟁 #역사학연구","https://image.aladin.co.kr/product/38872/92/cover500/k522137007_1.jpg","8b30dcb01686b59c9a0fd8ed4b337e80"
"39","4·3, 기억의 폭풍 속으로","notion","0.4","0.6","0.5","0.5","0","0","0","0","0.6","0.4","0","0","v3","#4·3사건 #역사적기억 #민중항쟁 #전라남도 #기억과정치","https://image.aladin.co.kr/product/38873/1/cover500/k272137108_1.jpg","e73732eed0decd65c30b859476c00b18"
"40","이향인","notion","0.7","0.3","0.5","0.5","0.4","0.6","0.3","0.7","0.2","0.8","0.4","0.6","v3","#현대인의불안 #상실이후의삶 #뇌와행동 #본성과자유의지 #경계에선사람들","https://image.aladin.co.kr/product/38793/3/cover500/k292137262_1.jpg","1aa9cdf3923d4a51806f043e22d6b31e"
"41","고규홍의 나무","notion","0.5","0.5","0.4","0.6","0.6","0.4","0","0","0.5","0.5","0","0","v3","#생태시스템 #자연과공존 #역사속일상 #환경과미래 #나무","https://image.aladin.co.kr/product/38829/86/cover500/8962626993_1.jpg","62586c91b2e6f83c114f544664fe4ac4"
"42","이토록 멋진 한화이글스","notion","0.7","0.3","0.4","0.5","0.6","0.4","0.3","0.7","0.2","0.8","0.4","0.6","v3","#한화이글스 #스포츠팬덤 #팬심과정신 #야구의사회학 #꼴찌팀의힘","https://image.aladin.co.kr/product/38878/35/cover500/k822137201_1.jpg","28999aa0e5f57d5224a682e9ef56a2b7"
"43","국가는 무엇으로 싸우는가","notion","0.4","0.6","0.3","0.7","0.5","0.5","0.4","0.6","0.7","0.3","0.2","0.8","v3","#미국외교 #전쟁전략 #국가안보 #미중갈등 #국제질서","https://image.aladin.co.kr/product/38850/27/cover500/892557280x_1.jpg","afb3ba75437f003d0682919be6ad222e"
"44","자유와 평등","notion","0.4","0.6","0.3","0.7","0","0","0","0","0.5","0.5","0","0","v3","#자유와평등 #불평등의이유 #사회정책 #철학적사고 #불평등사회","https://image.aladin.co.kr/product/38857/36/cover500/k442137907_1.jpg","4b30bd738bc7193be9d714b6b1484dad"
"45","대등생극론","notion","0.5","0.5","0","0","0","0","0","0","0.4","0.6","0","0","v3","#대등생극 #철학 #인정의문제 #균형과조화","https://image.aladin.co.kr/product/38761/70/cover500/8942399924_1.jpg","204872ae4a312970ffd2c6daecbcec94"
"46","할매 꽃바지","notion","0.6","0.4","0.5","0.5","0","0","0","0","0.1","0.9","0.7","0.3","v3","#할머니와꽃 #어린이문학 #일상의소중함 #가족의사랑 #회상과기억","https://image.aladin.co.kr/product/38830/39/cover500/k672137280_1.jpg","5b5ce957a43aea426e1389d3bfadaba9"
"47","인류학자처럼 생각하는 법","notion","0.5","0.5","0.4","0.6","0","0","0.3","0.7","0.6","0.4","0.2","0.8","v3","#인류학적사고 #문명과야만 #전쟁이론 #동서양비교 #문화적갈등","https://image.aladin.co.kr/product/38804/84/cover500/k082137885_1.jpg","f3d1e9d69904f5746da29658506b56c7"
"48","싫으니까 싫어","notion","0.7","0.3","0.6","0.4","0.5","0.5","0.4","0.6","0.2","0.8","0.6","0.4","v3","#싫음의감정 #어린이문학 #감정표현 #사회적관계","https://image.aladin.co.kr/product/38705/92/cover500/k502136923_1.jpg","04977f7ce28108d9700367e862c68f1d"
"49","연민에 관하여","notion","0.7","0.3","0.4","0.6","0","0","0","0","0.5","0.5","0.3","0.7","v3","#연민의가치 #인간의마음 #법과윤리 #판사의책임 #공감의미","https://image.aladin.co.kr/product/38829/78/cover500/k152137288_1.jpg","5facf94e1fb850f6fa2aa092de5d303a"
"50","우리의 삶은 제조된다","notion","0.4","0.6","0.3","0.7","0.5","0.5","0.4","0.6","0.6","0.4","0.2","0.8","v3","#제조된삶 #공급망의역설 #위기관리 #대체망 #사회시스템","https://image.aladin.co.kr/product/38723/2/cover500/8925569698_1.jpg","2cf462702990c23b1c907552c69719aa"
"51","우리가 마지막 순간을 함께할 수 있을까","notion","0.6","0.4","0.4","0.6","0","0","0.3","0.7","0.3","0.7","0.5","0.5","v3","#사회적관계 #성소수자 #퀴어 #돌봄과애도 #관계의다양성 #사회적안전망 #에세이","https://image.aladin.co.kr/product/38772/13/cover500/k352137060_1.jpg","9657ba16bb1d093e5317329e8859455a"
"52","무조건 항복 미술관","notion","0.5","0.5","0.4","0.6","0","0","0","0","0.7","0.3","0.3","0.7","v3","#망명자 #미술관 #시간의흐름 #인간의운명 #반체제사회","https://image.aladin.co.kr/product/38361/36/cover500/k802135362_2.jpg","395e8aa5a302871f8f873597c6f6e42b"
"53","갈림길의 일본","notion","0.7","0.4","0.4","0.5","0.5","0.3","0.4","0.6","0.3","0.7","0","0.8","v3","#다카이치현상 #재일인 #정체성 #사회변화","https://image.aladin.co.kr/product/38832/42/cover500/k522137286_1.jpg","7f9efa64ff1d4e7c1d063d0643ec4a3d"
"54","마리아 지뷜라 메리안","notion","0.4","0.6","0","0","0","0","0","0","0.7","0.3","0","0","v4a","#마리아지뷜라메리안 #문화와예술 #예술가의삶 #생명과학","https://image.aladin.co.kr/product/38578/30/cover500/k342135159_2.jpg","c193be59ddd40edc42adcd3e0d11d5ea"
"55","정전","notion","0.5","0.5","0","0","0","0","0","0","0","0","0.7","0.3","v3","#문학의세계 #인간의고독 #예술과고통 #소설","https://image.aladin.co.kr/product/38790/6/cover500/k592137268_1.jpg","11615d7483af5c8c6af6fef3cd7e8c73"
"56","엄마와 딸들의 미친년의 역사","notion","0.6","0.4","0.5","0.5","0","0","0","0","0.2","0.8","0.5","0.5","v3","#가족사 #슬픔과광기 #여성 #사회적관계","https://image.aladin.co.kr/product/38805/48/cover500/k532137988_2.jpg","cb40fd844269b0e2d7a5b01e4164642c"
"57","그건 가스라이팅이 아니다","notion","0.7","0.3","0.4","0.6","0","0","0.5","0.5","0.3","0.7","0.4","0.6","v3","#가스라이팅 #심리적조작 #관계의문제 #사회적관계 #심리학","https://image.aladin.co.kr/product/38805/27/cover500/k332137988_1.jpg","a8b8674f6a61b99ed0321749c3663821"
"58","인생여전","notion","0.5","0.5","0.3","0.7","0.5","0.5","0.4","0.6","0.2","0.8","0.3","0.7","v3","#노동의문제 #생계와삶 #불평등사회 #사회적불평등 #일과정체","https://image.aladin.co.kr/product/38808/3/cover500/k422137981_1.jpg","f90fae7c2c84ac7f028cb3aa52f95981"
"59","청바지","notion","0.5","0.5","0.3","0.6","0","0","0","0","0.4","0.6","0","0.8","v3","#청바지 #산업과문화 #젠더정치 #노동의상징 #모순과저항","https://image.aladin.co.kr/product/38795/19/cover500/k162137361_1.jpg","9a9b084bc1cfabcee30ce51afb52ce99"
"60","모든 새를 보았다고 믿은 남자","notion","0.3","0.6","0.5","0.4","0","0","0","0","0.7","0.3","0","0.9","v3","#조류학 #자연탐구 #탐험가 #과학사 #생태계","https://image.aladin.co.kr/product/38788/55/cover500/k622137163_1.jpg","32309727bab986afeba2636f1ec5db5f"
"61","극우의 시대","notion","0.4","0.6","0.3","0.7","0.6","0.4","0","0","0.5","0.5","0","0.8","v3","#극우정치 #미국정치 #보수주의 #정치적극화 #공화당","https://image.aladin.co.kr/product/38810/36/cover500/k882137088_1.jpg","23702860579a6ed38c8217543fdcde3c"
"62","살면서 한번은 벽돌책","notion","0","0","0","0","0","0","0","0","0","0","0","0","v3","#벽돌책 #독서경험 #학습방법","https://image.aladin.co.kr/product/38758/23/cover500/k392137760_1.jpg","b14c48ab1a270bee06eb4ec9f242b55d"
"63","나는 커다란 나무였으나","notion","0.7","0.3","0","0","0","0","0","0","0","0","0.9","0.1","v3","#어린이문학 #요정과나무 #자연과상상력 #심리적성장 #꿈과정체","https://image.aladin.co.kr/product/38791/59/cover500/k662137261_1.jpg","1fd5337aa657624bd9ccb731808772c2"
"64","서양국제정치사상","notion","0.3","0.7","0.4","0.6","0","0","0","0","0.8","0.2","0","0.9","v3","#서양국제정치사상 #정치철학 #제국주의 #자유주의 #국제관계","https://image.aladin.co.kr/product/38802/50/cover500/k692137787_1.jpg","e3cc9a63adbb060f3c1d22cdf1e96590"
"65","세상에서 가장 예쁜 선물","notion","0.9","0.1","0","0","0","0","0","0","0","0","0.8","0.2","v3","#엄마의선물 #어린이문학 #가족의사랑 #감성그림책 #생일의기쁨","https://image.aladin.co.kr/product/38751/92/cover500/k102136044_1.jpg","e812d56aa925e60d08a3f297e03e4a36"
"66","요즘 메인세대","notion","0.5","0.5","0.4","0.6","0","0","0","0","0.3","0.7","0","0.8","v3","#MZ세대 #세대갈등 #사회변화 #세대정체성 #세대와경제","https://image.aladin.co.kr/product/38704/55/cover500/8925569825_1.jpg","7e3146c05977774cdbc4e8557f3219de"
"67","한 사람에게","notion","0.8","0.2","0.5","0.5","0.5","0.5","0.3","0.7","0.4","0.6","0.6","0.4","v3","#한사람에게 #존재의의미 #멸종위기 #애도사 #인간의고독","https://image.aladin.co.kr/product/38733/19/cover500/k392136944_1.jpg","fc8f67e0058a7006f6985871268ee7ad"
"68","마음의 주인은 언제나 나야","notion","0.9","0.1","0.6","0.4","0.7","0.3","0.3","0.7","0.4","0.6","0.2","0.8","v3","#마음의주인 #자아존중감 #감정인식 #성장과정 #자기탐구","https://image.aladin.co.kr/product/38751/6/cover500/k522136041_1.jpg","60010c98ace852a24c08d8727a7f1c03"
"69","게이트우드 할머니의 발자국","notion","0.6","0.4","0","0","0","0","0","0","0","0","0.7","0.3","v3","#할머니의산책 #삶의여정 #노년의도전 #자연과의교감","https://image.aladin.co.kr/product/38750/93/cover500/k772136049_1.jpg","cefd543ec972efe430ae4b0af7385a55"
"70","삶에게 웃으며 말 거는 법","notion","0.6","0.4","0.5","0.5","0","0","0","0","0.3","0.7","0.4","0.6","v3","#삶의의미 #긍정심리 #유머와행복 #마음가짐의중요성 #철학적성찰","https://image.aladin.co.kr/product/38793/0/cover500/k252137262_1.jpg","50930395baa4af7313d37193048fcc90"
"71","환상 공화국의 카퍼레이드","notion","0.4","0.6","0.3","0.7","0","0","0","0","0.2","0.8","0","1","v3","#카퍼레이드 #공화국 #열망과과시 #역사적행위 #사회문화비판 #문화비평","https://image.aladin.co.kr/product/38535/48/cover500/k532135338_1.jpg","9ea4d82313b91b4c3a8ffb2340e95992"
"72","조선의 싱어송라이터","notion","0.4","0.6","0","0","0","0","0","0","0.1","0.9","0.3","0.7","v3","#조선시대음악 #역사속예술가 #음악과문학 #문화와예술","https://image.aladin.co.kr/product/38704/32/cover500/k912136827_1.jpg","e354b9b0a4d1d24b6e910187ec17e953"
"73","뉘른베르크, 나치와 정신과 의사","notion","0.5","0.5","0","0","0","0","0","0","0","0","0","0","v3","#나치즘 #정신과역사 #뉘른베르크재판 #악의학습 #파시즘의진화","https://image.aladin.co.kr/product/38788/48/cover500/k322137163_1.jpg","1c50d641e27360819ac8651558afe2b3"
"74","랜드 파워","notion","0.4","0.6","0.3","0.7","0","0","0.5","0.5","0.7","0.3","0.2","0.8","v3","#땅의불평등 #토지개혁 #자본주의와땅 #권력과토지 #계몽주의","https://image.aladin.co.kr/product/38791/70/cover500/k902137262_1.jpg","52ab84b860e7b8749307d744424b8d43"
"75","기독교 - 이슬람 전쟁사","notion","0","0","0","0","0","0","0","0","0","0","0","0","v3","#기독교역사 #이슬람전쟁사 #종교전쟁 #종교전쟁사본류","https://image.aladin.co.kr/product/38715/79/cover500/k052136636_1.jpg","2fbddd5145878496ebc1b775a81ea7ee"
"76","반대편 사람 주의","notion","0.7","0.3","0.4","0.6","0.5","0.5","0.3","0.7","0.2","0.8","0.8","0.2","v3","#우울증 #사회적관계 #삶의회복 #마음의고통 #소설","https://image.aladin.co.kr/product/38764/59/cover500/k022137864_1.jpg","87aeb3173cd91b4547ed4d15449417a9"
"77","로봇, 그리고 로봇을 사랑하는 사람들","notion","0.5","0.5","0.6","0.4","0.4","0.6","0.4","0.6","0.5","0.5","0.3","0.7","v3","#로봇과인간 #인간과AI #로봇과인간의관계 #소셜로봇 #인공지능","https://image.aladin.co.kr/product/38760/17/cover500/8932324816_1.jpg","8b87140059a2b7d866c9a1bf413eb190"
"78","밥 짓는 여자들","notion","0.6","0.4","0.5","0.5","0.3","0.7","0.3","0.7","0.4","0.6","0.4","0.6","v3","#급식노동자 #차별과사회 #여성의노동 #식량문제 #불평등사회","https://image.aladin.co.kr/product/38419/2/cover500/k322135584_2.jpg","9bcf248cfb58c81b70bc5e880081e792"
"79","메일맨","notion","0.6","0.4","0.5","0.5","0","0","0","0","0.2","0.8","0.5","0.5","v3","#우편배달 #산골생활 #육체노동 #새로운삶 #행복의탐구","https://image.aladin.co.kr/product/38764/65/cover500/8901299526_1.jpg","ebcad080897968ecec6e7e6dafb0c397"
"80","이도영, 한국 근대미술의 설계자","notion","0.4","0.6","0.3","0.7","0","0","0","0","0.3","0.7","0.2","0.8","v3","#한국근대미술 #이도영 #미술사 #설계자","https://image.aladin.co.kr/product/38723/56/cover500/k032136746_1.jpg","9bcd640fe8436fb7d17ad7b41302bc52"
"81","네가 찾아올 때까지","notion","0.7","0.3","0.6","0.4","0.5","0.5","0.3","0.7","0.4","0.6","0.6","0.4","v3","#네온사인 #어린이의마음 #상실과애착 #성장과탐색 #감성적교감","https://image.aladin.co.kr/product/38596/77/cover500/k602136371_1.jpg","bae97a2b90f8745ecc39d987ded1a404"
"82","젠더의 경계를 넘는 아이들","notion","0.6","0.4","0.5","0.5","0.4","0.6","0.3","0.7","0.3","0.7","0.4","0.6","v3","#젠더의경계 #아이들의발달 #성별불규칙 #젠더다양성 #젠더정의","https://image.aladin.co.kr/product/38706/74/cover500/k562136925_1.jpg","ae96366619c5a06a93ca11f6900e9c04"
"83","칭기스 칸에서 티무르까지","notion","0.2","0.8","0.4","0.6","0","0","0","0","0.8","0.2","0.2","0.8","v3","#몽골제국 #티무르왕조 #이슬람세계 #중세시대 #황금유령","https://image.aladin.co.kr/product/38715/52/cover500/k102136635_1.jpg","7e0da0442961160708ae69922d33e280"
"84","언제나 개나리","notion","0.5","0.5","0.5","0.5","0","0","0","0","0.3","0.7","0.6","0.4","v3","#개나리 #자연과공존 #생태시스템 #봄의상징 #어린이그림","https://image.aladin.co.kr/product/38645/94/cover500/8963196763_1.jpg","5565e9261770efa97bdc317bd2ed113c"
"85","잠과 영혼","notion","0.5","0.5","0.4","0.6","0","0","0","0","0.2","0.8","0.7","0.3","v3","#SF소설 #로봇과영혼 #복제인간 #정체성 #인공지능 #소설","https://image.aladin.co.kr/product/38751/9/cover500/k732136041_1.jpg","3f73f97b3bc9be912980e7c4b4638954"
"86","괴테의 인생 강의","notion","0.7","0.3","0.4","0.6","0","0","0","0","0.6","0.4","0.5","0.5","v3","#인생의철학 #번아웃 #자기성찰 #로마와인생","https://image.aladin.co.kr/product/38554/45/cover500/k482135854_2.jpg","e286c8b9bcf2de863648878859248386"
"87","로저 프라이","notion","0.4","0.6","0.3","0.7","0","0","0","0","0.8","0.2","0.2","0.8","v3","#로저프라이 #현대미술이론 #미술비평 #예술가의시선","https://image.aladin.co.kr/product/38457/45/cover500/k232135714_2.jpg","6edbd2d0954d41e63a6e756469ab98ff"
"88","고백 보험을 해지합니다","notion","0.5","0.5","0.4","0.6","0","0","0","0","0.3","0.7","0.8","0.2","v3","#인공지능 #청소년 #고백보험 #청소년소설 #SF소설 #문학 #소설","https://image.aladin.co.kr/product/38699/6/cover500/k972136822_1.jpg","2ddf21987092160256f087f3e83ed807"
"89","언어는 어떻게 인간을 바꾸는가","notion","0.4","0.6","0.5","0.5","0.5","0.5","0.4","0.6","0.6","0.4","0.3","0.7","v3","#언어와인간관계 #언어와심리 #의사소통과윤리 #언어의사회영향","https://image.aladin.co.kr/product/38751/15/cover500/k822136041_1.jpg","b16b89de7344231abc911dec1e3c7ab7"
"90","할머니, 개, 그리고 죽도록 쓰기","notion","0.6","0.4","0.5","0.5","0","0","0","0","0.5","0.5","0.6","0.4","v3","#할머니와글쓰기 #죽도록쓰기 #개와인생 #문학적자서전 #기억과상실","https://image.aladin.co.kr/product/38697/83/cover500/k072136829_1.jpg","6ab20243298b1dfb898ba60dd484918b"
"91","자연은 성을 둘로 나누지 않는다","notion","0.5","0.5","0","0","0","0","0","0","0.5","0.5","0","0","v4a","#생물학적다양성 #정상성과폭력 #젠더와이론 #자아성찰과회복 #비판적사유","https://image.aladin.co.kr/product/38717/73/cover500/k292136740_1.jpg","66d7191a8f77b1ffed67a00444e54bb2"
"92","발해 로드","notion","0.2","0.8","0.4","0.6","0","0","0","0","0.7","0.3","0","0","v3","#고구려역사 #대륙교류 #해양제국 #발해역사 #한국고대역사","https://image.aladin.co.kr/product/38563/90/cover500/k602135050_1.jpg","6ef49735752b7bc4ed1842a2403261c2"
"93","박정희 이데올로기","notion","0.4","0.6","0.3","0.7","0","0","0","0","0.6","0.4","0","0.8","v3","#박정희 #이데올로기 #한국역사 #정치이념","https://image.aladin.co.kr/product/38753/4/cover500/k252136148_1.jpg","039d1bf94fe7b81981cea670eb792acd"
"94","영화의 언어","notion","0.3","0.7","0.4","0.6","0","0","0","0","0.8","0.2","0.2","0.8","v3","#영화의언어 #미학적분석 #영화제작기술 #영화와예술","https://image.aladin.co.kr/product/38646/32/cover500/k802136416_1.jpg","3720253b01aeeaf737492d12b3d81066"
"95","전쟁 충동","notion","0.5","0.5","0.3","0.7","0","0","0.4","0.6","0.6","0.4","0.3","0.7","v3","#전쟁심리 #인간본성과폭력 #유전적충동 #대량학살의기원 #전쟁의사회학적원인","https://image.aladin.co.kr/product/38714/88/cover500/k192136634_1.jpg","94631179b67e817508c2c96f659796b8"
"96","노바디스 걸","notion","0.7","0.3","0.2","0.8","0.5","0.5","0.4","0.6","0.4","0.6","0.5","0.5","v3","#엡스타인스캔들 #피해자경험 #성폭력과사회 #권력남용 #정신적외상","https://image.aladin.co.kr/product/38705/45/cover500/k072136922_1.jpg","c19fca93658b97c006972b62840e4445"
"97","조각나고 찢긴,","notion","0.6","0.4","0.5","0.5","0","0","0","0","0.3","0.7","0.7","0.3","v3","#가부장제 #메두사 #뱀파이어 #여성해방 #소설","https://image.aladin.co.kr/product/38646/43/cover500/k152136417_1.jpg","f29b696a0b61130f5d26b9c2c67b4a1a"
"98","왜 극우는 기후위기를 부정하는가","notion","0.4","0.6","0.3","0.7","0","0","0.5","0.5","0.6","0.4","0","0.8","v3","#극우주의 #기후위기 #정치적편향 #성장경제 #환경정책","https://image.aladin.co.kr/product/38733/82/cover500/k372136945_1.jpg","19c2b73fa04bb031e58160c3dbd68a45"
"99","바로크의 로마","notion","0.2","0.8","0.4","0.6","0","0","0","0","0.7","0.3","0","0.8","v3","#바로크예술 #로마역사 #예술과종교 #17세기미술 #문화와예술","https://image.aladin.co.kr/product/38645/91/cover500/k342136415_1.jpg","30540d60e1572e051f90556f71a51f93"
"100","근접한 세계","notion","0.6","0.4","0.5","0.5","0","0","0","0","0.3","0.7","0.5","0.5","v3","#윤리적딜레마 #한국사회 #일본사회 #서구문학 #사회적관계 #소설","https://image.aladin.co.kr/product/38722/91/cover500/k172136744_1.jpg","c972b8fe35edc4f7d15d942434105fcd"
"101","만약 세상에서 까마귀가 사라진다면","notion","0.4","0.6","0.3","0.7","0.5","0.5","0.6","0.4","0.4","0.6","0","0.8","v3","#까마귀 #생태계 #생태계파괴 #기후위기 #생명존중","https://image.aladin.co.kr/product/38726/12/cover500/k622136841_1.jpg","2b4351d981f865c486dd609733f81cba"
"102","건강 구독 사회","notion","0.3","0.7","0.4","0.6","0","0","0","0.8","0.5","0.5","0","0.8","v3","#건강구독사회 #항산화디톡스 #영양제섭취 #건강관리루틴 #기술과건강","https://image.aladin.co.kr/product/38694/92/cover500/k002136722_1.jpg","6fcfc6362356b7cddfaaec8e5f8a2fe2"
"103","좋은 삶을 위해 죽음을 묻다","notion","0.6","0.4","0.5","0.5","0","0","0","0","0.5","0.5","0.3","0.7","v3","#죽음과삶 #철학적사고 #삶의의미 #죽음에대한관념 #인생의방향","https://image.aladin.co.kr/product/38694/88/cover500/k052136722_1.jpg","0228ad2911c8b7b6a7a5ef39ab0f3bb7"
"104","삶의 끝에서 만난 수업","notion","0.5","0.5","0.4","0.6","0","0","0","0","0.5","0.5","0.2","0.8","v3","#삶의의미 #죽음과철학 #실존적고민 #해체주의사상 #변증법적성찰","https://image.aladin.co.kr/product/38561/67/cover500/k222135957_1.jpg","668d590f7d1058f1c70ef1351820ed23"
"105","안데르센의 마지막 선물","notion","0.7","0.3","0.6","0.4","0","0","0","0","0","0","0.8","0.2","v3","#안데르센동화 #19세기유럽 #어린이문학 #마법과상상력 #기억과선물","https://image.aladin.co.kr/product/38497/45/cover500/k232135316_1.jpg","3529f337c132b9bbcbe99821fb73222c"
"106","전업자녀","notion","0.6","0.4","0.4","0.6","0.3","0.7","0.4","0.6","0.3","0.7","0","0","v3","#전업자녀 #가족경제 #세대갈등 #사회경제적불평등 #미래의삶","https://image.aladin.co.kr/product/38645/85/cover500/8947502448_1.jpg","3b1cca4ef73e72e6e20bf16655e95374"
"107","친절한 땅콩 호텔","notion","0.7","0.3","0.5","0.5","0","0","0","0","0.1","0.9","0.8","0.2","v3","#사회적관계 #호텔의일상 #자녀와의소통 #감성적교감 #어린이문학","https://image.aladin.co.kr/product/37401/43/cover500/k432032894_1.jpg","7c567001aec8b3e8c90f8ca71f52e153"
"108","소유하기, 소유되기","notion","0.5","0.5","0.4","0.6","0","0","0.5","0.5","0.7","0.3","0","0","v3","#소유와노예 #현대사회와소유 #율라비스작품 #김명남옮김 #물물교환의미","https://image.aladin.co.kr/product/38694/64/cover500/8932925577_1.jpg","58ff13af16ccc663af0d661c56be574f"
"109","패티(Patti)","notion","0.8","0.2","0.4","0.6","0","0","0","0","0.2","0.8","0.6","0.4","v3","#개인주의 #미국사회 #여성예술가 #자기성찰 #문화와예술","https://image.aladin.co.kr/product/38402/64/cover500/8961964674_2.jpg","c077e7703e9f40fab6acb5a34df24dd9"
"110","언어의 본질","notion","0","0","0.5","0.5","0","0","0","0","0.9","0.1","0","0","v3","#언어의본질 #언어철학 #의식과언어 #의미와표상 #언어의사회적기능","https://image.aladin.co.kr/product/38507/34/cover500/k202135934_1.jpg","eb9c4b71e98e2c7b29b8a95d41a9b637"
"111","마나의 편지","notion","0.7","0.3","0.5","0.5","0","0","0","0","0","0","0.8","0.2","v3","#마나의편지 #어린이문학 #사계절이야기 #복숭아친구들 #달콤한상상","https://image.aladin.co.kr/product/38657/20/cover500/8936429574_1.jpg","a2beab0b8a769be6c27cd24b146a9b21"
"112","한용운·신채호","notion","0.5","0.5","0.4","0.6","0","0","0","0","0.6","0.4","0","0.8","v3","#한용운신채호 #위기사상 #전지구적위기 #역사적사상","https://image.aladin.co.kr/product/38703/86/cover500/8936481169_1.jpg","0a9dc812206301cef56d9b2f838feed9"
"113","나는 이완용의 글씨가 궁금했다","notion","0.5","0.5","0.4","0.6","0","0","0","0","0.7","0.3","0","0","v3","#이완용 #한글서예 #일본과의교류 #역사적인글씨 #민족정체성","https://image.aladin.co.kr/product/38606/29/cover500/k712136575_1.jpg","f57f39aa55c916e7826a64084c6a3b81"
"114","구름 사람들","notion","0.5","0.5","0.3","0.7","0","0","0","0","0.1","0.9","0.5","0.5","v3","#구름사람들 #빈민가 #가난의상상 #불평등사회 #문학작품 #소설","https://image.aladin.co.kr/product/38646/14/cover500/k182136416_1.jpg","4df09ee396552dfbb635ac18d7b28e9f"
"115","월급 받으려다 죽다","notion","0.7","0.4","0.4","0.6","0.6","0.3","0.5","0.5","0.3","0.7","0.2","0.8","v3","#월급쟁이의고통 #일터의문제 #심리적고립 #노동과정신 #기업문화비판","https://image.aladin.co.kr/product/38655/62/cover500/k142136514_1.jpg","9e276a33b4edd9848d430d1da7122a7a"
"116","맹세를 깬 자들","notion","0.4","0.6","0.5","0.5","0","0","0","0","0.8","0.2","0.3","0.7","v3","#중세역사 #배반의역사 #유럽의기원 #경계의역사 #역사의재해석","https://image.aladin.co.kr/product/38597/74/cover500/8972918903_1.jpg","47d45ea078947a49be22c3260611c2a8"
"117","식물성 도시 피토폴리스","notion","0.5","0.5","0.4","0.6","0.3","0.7","0.3","0.7","0.4","0.6","0.2","0.8","v3","#식물성도시 #피토폴리스 #생태건축 #미래도시 #환경기술","https://image.aladin.co.kr/product/38694/86/cover500/k962136722_1.jpg","f3b6b5e4e5242458588b5694b055add8"
"118","쇳돌","notion","0.6","0.4","0.5","0.5","0","0","0.4","0.6","0.3","0.7","0.3","0.7","v3","#광산노동자 #잊힌삶 #노동과사회 #산업과인간 #생명의정당","https://image.aladin.co.kr/product/38389/4/cover500/8972972002_2.jpg","7744fb99b9c0278c287e842c6256ca2f"
"119","미국은 왜 전쟁을 멈추지 못하는가","notion","0.4","0.6","0.3","0.7","0","0","0","0","0.5","0.5","0","0.8","v3","#미국외교 #군산복합체 #방산로비 #국제안보 #911테러 #국제질서","https://image.aladin.co.kr/product/38705/22/cover500/k322136921_1.jpg","ed5edbc24704751f309a53a51bfecd7c"
"120","서방의 패배","notion","0.3","0.7","0.2","0.8","0","0","0","0","0.8","0.2","0.1","0.9","v3","#서구사회 #패배의이유 #정치적경제사 #도구적분석 #지능과전쟁","https://image.aladin.co.kr/product/38583/14/cover500/k772135252_1.jpg","86c684d510c33cc23eac14a2d71e7858"
"121","서랍 정리하는 날","notion","0.6","0.4","0.5","0.5","0","0","0","0","0.2","0.8","0.7","0.3","v3","#추억의물건 #어린이문학 #일상의소중함 #그림책 #기억과정렬","https://image.aladin.co.kr/product/38523/29/cover500/k372135234_1.jpg","fe8d70a5fff4f8c7be6f4bafce1ad08f"
"122","AI 제국: 권력, 자본, 노동","notion","0.4","0.6","0","0","0","0","0","0","0.6","0.4","0","0","v4a","#AI제국 #AI비판 #권력과자본 #빅테크의횡포 #기술패권","https://image.aladin.co.kr/product/38579/5/cover500/k902135153_1.jpg","d77eb85c9c45399b2a21eecad4c12221"
"123","커다란 트럭에 이삿짐을 가득 실어요","notion","0.6","0.4","0.5","0.5","0","0","0","0","0.2","0.8","0.7","0.3","v3","#이삿짐 #어린이문학 #일상의행복 #텃밭과빵","https://image.aladin.co.kr/product/38555/19/cover500/k242135855_1.jpg","f58ae2f056e29477404413b015ef27a1"
"124","공원의 탄생","notion","0.4","0.6","0.5","0.5","0","0","0","0","0.3","0.7","0.2","0.8","v3","#센트럴파크 #도시계획 #자연과도시","https://image.aladin.co.kr/product/38578/75/letslook/K772135151_t4.jpg","addce5747bd93539cd2ef01e58724b6d"
"125","포식자들의 시간","notion","0.4","0.6","0","0","0","0","0","0","0.6","0.4","0","0","v4a","#인공지능 #AI권력 #정치적포식자 #기술패권과정치 #빅테크비판 #극우정치","https://image.aladin.co.kr/product/38579/47/cover500/8932476012_2.jpg","4dc4082fb2792a454f97c913275271c7"
"126","고조리서에서 찾은 주안상","notion","0.5","0.5","0.4","0.6","0","0","0","0","0.2","0.8","0.4","0.6","v3","#고조리서 #주안상 #정월보름음식 #한국의음식문화 #역사속식생활","https://image.aladin.co.kr/product/38442/48/cover500/k302135896_2.jpg","7c59dc55bc20ac2a3343a2fe7fc2ba3f"
"127","중요한 몸","notion","0.6","0.4","0.5","0.5","0","0","0","0","0.3","0.7","0.3","0.7","v3","#몸의철학 #생물학적존재 #정체성탐구 #신체경험","https://image.aladin.co.kr/product/38326/26/cover500/k642034341_2.jpg","ddccb770a5c8dc2131cb52426220b1b4"
"128","야만 시대의 귀환","notion","0.4","0.6","0.3","0.7","0","0","0","0","0.6","0.4","0.2","0.8","v3","#야만시대 #미국패권 #정치적퇴행 #사회불안 #국제질서","https://image.aladin.co.kr/product/38557/93/cover500/k082135857_1.jpg","d688f51aff946402678533a2c016bf57"
"129","끔찍한 샐러드","notion","0.5","0.5","0.4","0.6","0","0","0","0","0.2","0.8","0.6","0.4","v3","#유머와반전 #대중문화의변주 #일상의재발견 #상상력 #식문화와삶","https://image.aladin.co.kr/product/38534/92/cover500/8964965477_1.jpg","696fca013557bcd4475db5582a49227b"
"130","제국의 오케스트라","notion","0.4","0.6","0.3","0.7","0","0","0","0","0.3","0.7","0.2","0.8","v3","#제국주의 #음악과정치 #역사적필하모닉 #권력의공생 #문화유산과갈등","https://image.aladin.co.kr/product/38300/81/cover500/k012034240_1.jpg","1a70108bfb4e5018db073f181770573e"
"131","마지막 홍콩배우 양조위","notion","0.5","0.5","0.4","0.6","0","0","0","0","0.3","0.7","0.4","0.6","v3","#양조위 #홍콩영화 #영화의인문학 #한국예술 #배우의삶","https://image.aladin.co.kr/product/38583/66/cover500/k272135255_1.jpg","182fd586ebc7cda1018756d179696602"
"132","너무 희미한 존재들","notion","0.7","0.4","0.4","0.5","0.5","0.3","0.4","0.6","0.3","0.7","0","0.9","v3","#성장강요 #은둔청년 #사회적고립 #세대갈등 #사회적안전망","https://image.aladin.co.kr/product/38558/99/cover500/8972972029_1.jpg","18b62d8d1605319241c288be54d2960a"
"133","어번던스","notion","0.5","0.5","0.3","0.7","0.4","0.6","0.3","0.7","0.4","0.6","0","0.9","v3","#경쟁과불평등 #미국사회의쇠퇴 #정치사회재건 #대안적삶","https://image.aladin.co.kr/product/38580/38/cover500/894750243x_1.jpg","caddb2acc70c2f0cb2433002285fce5d"
"134","고서의 은밀한 매력","notion","0.4","0.6","0.5","0.5","0","0","0","0","0.3","0.7","0.2","0.8","v3","#고서의매력 #역사적가치 #고서의보존 #책과문화 #문헌연구","https://image.aladin.co.kr/product/38560/1/cover500/k312135953_1.jpg","1a9d0b69baa334af8fba2700da7ebd5a"
"135","공중의 복화술","notion","0.5","0.5","0.4","0.6","0","0","0","0","0.3","0.7","0.4","0.6","v3","#시의언어 #김혜순작가 #시학의탐구 #작가의윤리 #죽음의시인","https://image.aladin.co.kr/product/38564/6/cover500/8932044686_1.jpg","ad22193fc80964ba0e854be4da62f714"
"136","조선의 대학로","notion","0.4","0.6","0.5","0.5","0","0","0","0","0.8","0.2","0","0.8","v3","#조선시대교육 #성균관유생 #시험제도 #학문사회 #역사와기록","https://image.aladin.co.kr/product/38580/46/cover500/k862135156_1.jpg","ad238d01587d3c9f82c971b94643d6c0"
"137","내 작은 숲속 오두막으로","notion","0.9","0.2","0.6","0.4","0.5","0.5","0.3","0.7","0.2","0.8","0.4","0.6","v3","#오두막 #은둔생활 #자기성찰 #삶의방향 #고요한삶","https://image.aladin.co.kr/product/38552/40/cover500/8901299402_1.jpg","380fb17086ca85a5ebaae848b12f33e7"
"138","제발 넘기지 마!","notion","0.8","0.3","0.4","0.6","0.7","0.3","0.4","0.6","0.3","0.7","0.3","0.7","v3","#미안함의상처 #자존감 #청소년 #관계의힘","https://image.aladin.co.kr/product/38597/51/cover500/k332136374_1.jpg","7db32d003b0e46a8886c1c0a0e26af62"
"139","미국주식 슈퍼 2등 전쟁","notion","0.4","0.6","0.3","0.7","0","0","0.2","0.8","0.5","0.5","0.1","0.9","v3","#미국주식시장 #주식투자전략 #엔비디아 #2등기업 #주식슈퍼전쟁","https://image.aladin.co.kr/product/38490/75/cover500/k852135114_2.jpg","7998da3d53f0e4b97aaba3231d0754cd"
"140","재미의 조건","notion","0.5","0.5","0.4","0.6","0","0","0.3","0.7","0.4","0.6","0.2","0.8","v3","#영화의조건 #류승완의작품 #스크린의인문학 #창작의욕망 #예술가세계","https://image.aladin.co.kr/product/38541/35/cover500/k752135438_1.jpg","9a456077c548d9864a4729ebf34159ff"
"141","눈에 보이지 않는 전쟁과 돈의 역사","notion","0.2","0.8","0.4","0.6","0","0","0","0","0.5","0.5","0","0.9","v3","#전쟁과돈 #돈의흐름 #폭력과전쟁 #전쟁의역사 #돈의역사 #국제질서","https://image.aladin.co.kr/product/38564/61/cover500/k352135052_1.jpg","26995f83bbdad1f278a960c4af695487"
"142","상실","notion","0.6","0.4","0.3","0.7","0","0","0","0","0","0","0.8","0.2","v3","#상실의식 #인간의고독 #현대인의불안 #일상의상처 #기억과상실 #소설","https://image.aladin.co.kr/product/38389/7/cover500/k602135563_3.jpg","f6e3c96392702921ceb63bf7dc66f22a"
"143","언보틀드","notion","0.4","0.6","0.3","0.7","0","0","0.2","0.8","0.5","0.5","0.1","0.9","v3","#수돗물불신 #생수산업 #물파산 #부의불평등 #소비자의윤리","https://image.aladin.co.kr/product/38563/79/cover500/k172135050_1.jpg","f40cf5ae909a3330109252b03fe002d9"
"144","그때 그게 거기 있었어","notion","0.5","0.5","0","0","0","0","0","0","0","0","0.7","0.3","v3","#일상의모순 #낯선마음 #어린이문학 #현대인의불안 #상실과회복","https://image.aladin.co.kr/product/38345/49/cover500/k252135163_1.jpg","58f6cc38397ea815f4b0e9ee2168c0a9"
"145","나무주연상","notion","0.7","0.3","0.5","0.5","0","0","0","0","0.2","0.8","0.6","0.4","v3","#나무의성장 #어린이문학 #가정의소중함 #자연과교감","https://image.aladin.co.kr/product/38353/49/cover500/8936429558_1.jpg","a41fef9a27efd105909640879d27e295"
"146","오종찬 기자의 Oh! 컷","notion","0.4","0.6","0.5","0.5","0","0","0","0","0.3","0.7","0","0.9","v3","#사진의인문학 #문화와예술 #20년차기자 #빛나는순간","https://image.aladin.co.kr/product/38413/75/cover500/k052135486_1.jpg","5703b85045ac7e94f693c42e0e6eab58"
"147","보이지 않는 코끼리","notion","0.6","0.4","0.5","0.5","0","0","0","0","0.1","0.9","0.7","0.3","v3","#보이지않는코끼리 #기억과정체 #예술과자아 #몽환적인문학","https://image.aladin.co.kr/product/38496/51/cover500/k112135314_1.jpg","12a2f952be5aef4b2e49dde891619184"
"148","미국의 우생학","notion","0.4","0.6","0.3","0.7","0","0","0","0","0.7","0.3","0","1","v3","#우생학 #미국사회 #이민정책 #복지정책 #과학과정치","https://image.aladin.co.kr/product/38513/99/cover500/k492135037_1.jpg","1cc11d83fa63fac61799c4683052ef99"
"149","겸재 정선","notion","0.4","0.6","0.6","0.4","0","0","0","0","0.7","0.3","0","0.8","v3","#겸재정선 #한국화 #미술사비평 #고전미술","https://image.aladin.co.kr/product/38507/49/cover500/893648110x_2.jpg","b146a9e60f63f1a3076d3cdda5f049c8"
"150","목수의 연장","notion","0.5","0.5","0.4","0.6","0","0","0","0","0.3","0.7","0","0.8","v3","#현장과삶 #기술과학 #30년","https://image.aladin.co.kr/product/38468/61/cover500/8959408824_1.jpg","a7d189fcfab78ff66ba10425d4fb78d7"
"151","쾌적한 사회의 불쾌함","notion","0.5","0.5","0.4","0.6","0","0","0","0","0.3","0.7","0","0.9","v3","#쾌적한사회 #불쾌한경험 #병든사회 #불평등사회 #건강과사회","https://image.aladin.co.kr/product/38490/90/cover500/k882135115_1.jpg","f5a49ecd431ee82a7e03b50661c1158c"
"152","인터메초","notion","0.6","0.4","0.3","0.7","0","0","0","0","0","0","0.8","0.2","v3","#현대인의불안 #형제관계 #사회적관계 #상실이후의삶 #변화와회복 #소설","https://image.aladin.co.kr/product/38504/78/cover500/k282135938_3.jpg","7bb2132da7743c9fdf2ee90d352aba7a"
"153","셔터우의 세 자매","notion","0.5","0.5","0.4","0.6","0","0","0","0","0","0","0.8","0.2","v3","#중국문학 #세자매 #가족드라마 #역사적배경 #사회비판 #소설","https://image.aladin.co.kr/product/38516/28/cover500/8937448750_1.jpg","07716f3c743fd4df2bc6d2b0a22b55e8"
"154","불필요한 여자","notion","0.5","0.5","0.4","0.6","0","0","0","0","0","0","0.8","0.2","v3","#여성의일생 #전쟁과일상 #중동배경 #소설","https://image.aladin.co.kr/product/38510/95/cover500/k182135031_1.jpg","b5be8afbcc099b6d778049f0d6cae0e0"
"155","콘서트홀×오케스트라","notion","0.4","0.6","0.5","0.5","0","0","0","0","0","0","0","0.8","v3","#콘서트홀 #오케스트라 #음악의미학 #악기와연주 #음악가의삶","https://image.aladin.co.kr/product/38506/79/cover500/k162135931_1.jpg","3852598965793507f56f7191313d5c8c"
"156","일곱 괴물이 사는 마음","notion","0.5","0.5","0.4","0.6","0","0","0.4","0.6","0","0","0","0.7","v3","#뇌와행동 #분노와죄 #심리적고통 #생물학적원인 #감정의학","https://image.aladin.co.kr/product/38507/31/cover500/8965967937_1.jpg","46870cccf84f93fd6ab67e654b3e7a95"
"157","허균의 맛","notion","0.3","0.7","0.5","0.5","0","0","0","0","0.4","0.6","0","0","v3","#조선시대음식 #역사속식문학 #문화와예술 #방풍죽","https://image.aladin.co.kr/product/38535/55/cover500/k992135339_1.jpg","3c05ccdc14efb3b8d4f6bdc21c0d64f9"
"158","브레이크넥","notion","0.3","0.7","0.4","0.6","0","0","0","0","0","0","0","0.8","v3","#미국사회 #중국경제 #시스템충돌 #변호사의나라 #엔지니어의나라 #미중갈등 #국제질서","https://image.aladin.co.kr/product/38506/93/cover500/8901299364_1.jpg","46ecb44d9d6d07f0ec8f8ce71c2cc864"
"159","트레이딩 게임","notion","0.2","0.8","0.3","0.7","0","0","0","0","0","0","0","0.8","v3","#금융시장 #트레이딩 #부의모순 #머니게임 #투자전략","https://image.aladin.co.kr/product/38507/27/cover500/k732135933_1.jpg","ae33c8ca275174a3feeadaafa398e124"
"160","필연적 혼자의 시대","notion","0.6","0.4","0","0","0","0","0","0","0.5","0.5","0","0","v4a","#1인가구 #신자유주의시스템 #사회적고립감 #사회적안전망 #공간과삶","https://image.aladin.co.kr/product/38466/75/cover500/k842135919_1.jpg","b17a85074025856f087e7c74669c7c66"
"161","떠난 것은 돌아오지 않는다","notion","0.7","0.3","0.4","0.6","0.5","0.5","0","0","0","0","0.8","0.2","v3","#기억과상실 #삶의의미 #작별과작별 #현대인의고독 #정신적여정 #소설","https://image.aladin.co.kr/product/38434/78/cover500/k232135794_2.jpg","fd5df32f9638ccc73e683da543d8ff4a"
"162","뇌는 어떻게 변화를 거부하는가","notion","0.7","0.3","0.6","0.4","0.4","0.6","0.5","0.5","0.4","0.6","0.2","0.8","v3","#뇌과학 #인지행동 #변화저항 #심리적장벽 #자기조절","https://image.aladin.co.kr/product/38468/54/cover500/k552135915_1.jpg","890fea8f1d40f154ce89a7f2c51078bc"
"163","얼굴 만들기","notion","0.5","0.5","0.4","0.6","0","0","0","0","0.6","0.4","0.3","0.7","v3","#성형기술의역사 #성형수술 #몸과사회 #얼굴되찾기 #성형의역사","https://image.aladin.co.kr/product/38491/41/cover500/8932925542_1.jpg","9cd38818cad4c3c3c46103055309e27b"
"164","천문대에 피아노가 떨어졌다","notion","0.5","0.5","0.6","0.4","0","0","0","0","0","0","0.4","0.6","v3","#천문학 #문화와예술 #상상력 #경계의미학","https://image.aladin.co.kr/product/38468/80/cover500/k112135916_1.jpg","b5bbe2af6f04655673fd4e9efc829543"
"165","우주농업","notion","0.3","0.7","0.4","0.6","0","0","0","0","0.5","0.5","0.2","0.8","v3","#우주농업 #화성농업 #생명공학 #미래식량 #극한환경","https://image.aladin.co.kr/product/38491/31/cover500/8962626888_1.jpg","412c9e552eafcf67e07548e76073279a"
"166","트위터 X","notion","0.4","0.6","0.3","0.7","0.5","0.5","0.3","0.7","0.4","0.6","0","0.9","v3","#소셜미디어의문제 #트위터의변화 #표현의자유와책임 #디지털시대의윤리 #플랫폼과정치","https://image.aladin.co.kr/product/38475/32/cover500/k372135017_1.jpg","2661eac0129017e4cf46426323060916"
"167","수상한 단어들의 지도 : 꼬리에 꼬리를 무는 어원의 지적 여정","nlk","0.3","0.7","0.5","0.5","0","0","0","0","0.7","0.3","0.1","0.9","v3","#언어의기원 #어원론 #단어의역사 #문화와언어 #신화와상징","https://shopping-phinf.pstatic.net/main_4314985/43149850618.20260331110522.jpg","76c1a5af97181c13261ca1e00513aed2"
"168","2024 AI 트렌드 : 한발 더 빠르게, 누구보다 깊이 있게 AI로 송두리째 바뀔 세상을 포착하다","nlk","0.3","0.7","0.5","0.5","0","0","0","0","0.7","0.3","0","0.8","v3","#인공지능 #산업혁신 #AI트렌드 #디지털전환","https://shopping-phinf.pstatic.net/main_4274407/42744079619.20260331120602.jpg","96c4b1de3c09e4af63c205f2ad51ea99"
"169","불타는 작품 : 윤고은 장편소설","nlk","0.6","0.4","0.5","0.5","0","0","0","0","0","0","0.3","0.7","v3","#작품의가치 #예술과기획 #개와예술 #사진작가 #기발한상황 #소설","https://shopping-phinf.pstatic.net/main_4291166/42911669636.20260331115703.jpg","073154975fcb37aee62cf09b9e885376"
"170","시대예보","nlk","0.5","0.5","0.4","0.6","0.3","0.7","0.4","0.6","0.3","0.7","0.3","0.7","v3","#핵개인 #데이터사회 #인공지능 #생애주기 #변화의시대","https://shopping-phinf.pstatic.net/main_4262165/42621656619.20240112135420.jpg","a712eb8af2f70e098dd980d7b59fb407"
"171","88번 버스의 기적","nlk","0.8","0.3","0","0","0","0","0","0","0","0","0.9","0.1","v4a","#첫사랑의흔적 #기억과시간 #일상의기적 #세대차이의만남 #인간관계의온전함 #소설","https://shopping-phinf.pstatic.net/main_4109701/41097015620.20260331112059.jpg","0701c72cc8f9f2966d1590488d278df6"
"172","(일하는 당신을 위한) 최고의 수면법 : 아침이 두렵지 않은 직장인의 꿀잠 루틴","nlk","0.5","0.5","0","0","0.8","0.2","0","0","0.4","0.6","0","0","v4a","#현대인의불안 #뇌와행동","https://shopping-phinf.pstatic.net/main_3999187/39991879635.20260331122815.jpg","b6e6278fd85ee142ba4adf402faf182d"
"173","세상은 이야기로 만들어졌다 : 신화·거짓말·유토피아","nlk","0.6","0.4","0.4","0.6","0.3","0.7","0.3","0.7","0.4","0.6","0.5","0.5","v3","#유토피아 #신화와전설 #미디어의영향 #이야기의사회","https://shopping-phinf.pstatic.net/main_4304650/43046507621.20260331094006.jpg","b4a78ba5103a9cba813e37c4612abf4e"
"174","출근하는 책들 : 읽는 삶은 일하는 삶을 어떻게 구하나","nlk","0.7","0.3","0.5","0.5","0.6","0.4","0.4","0.6","0.3","0.7","0.4","0.6","v3","#일과삶의정체성 #업무의의미 #관성과체념 #자기주도적학습 #공동체와읽기","https://shopping-phinf.pstatic.net/main_4237234/42372340645.20260331105928.jpg","4e187719a56959a2ec5eedbea7648c5c"
"175","과학에서 인문학을 만나다 : 챗GPT의 시대 인문학에서 답을 찾다","nlk","0.4","0.6","0.5","0.5","0.6","0.4","0.3","0.7","0.5","0.5","0.2","0.8","v4a","#인공지능의윤리 #기술과인문학 #챗GPT의시대 #초지능의가능성 #인문학적사고","https://shopping-phinf.pstatic.net/main_4275008/42750082618.20260331110642.jpg","74fb93201531b27dd7eb13e430e81a9f"
"176","공룡의 이동 경로 : 김화진 소설","nlk","0.8","0.2","0","0","0","0","0","0","0","0","0.9","0.1","v4a","#사회적관계 #소설 #마음의이동 #글쓰기 #관계의복잡성","https://shopping-phinf.pstatic.net/main_4173637/41736372620.20260331122647.jpg","223325fe0b6b905324f4a4c7f94d90ca"
"177","무질서와 질서 사이에서 : 한 복잡계 물리학자의 이야기","nlk","0.4","0.6","0.5","0.5","0.5","0.5","0.3","0.7","0.7","0.3","0.4","0.6","v3","#복잡계물리학 #물리학의기원 #과학자의경로 #노벨상 #일상의과학","https://shopping-phinf.pstatic.net/main_4416051/44160510619.20260331112052.jpg","6c1964db10f8ffc36de0b2c92187c1cd"
"178","좋은 엄마 학교","nlk","0.7","0.3","0.4","0.6","0","0","0","0","0","0","0.6","0.4","v3","#감시사회 #엄마의정체성 #기술통제 #사회적압박 #디스토피아문학 #소설","https://shopping-phinf.pstatic.net/main_4267521/42675216624.20260331110731.jpg","5da972e72acdaf1bd69fce19aa3e5c58"
"179","혼자가 좋지만 고독사는 걱정입니다 : 누구에게도 의존하지 않고 존엄하게 떠나는 법","nlk","0.8","0.2","0.4","0.6","0.5","0.5","0","0","0","0","0.3","0.7","v3","#고독사 #1인가구 #존엄한죽음 #개인적대비책","https://shopping-phinf.pstatic.net/main_4343082/43430823620.20250930071450.jpg","d1c3883d38465b91b2a02b96b63fdecd"
"180","우세한 책들 : 우리가 사는 세상을 위한 책 읽기","nlk","0.5","0.5","0.4","0.6","0.5","0.5","0.3","0.7","0.6","0.4","0.4","0.6","v3","#사회적문제 #사회학적통찰 #인문학적성찰 #세상탐구 #사회적불안","https://shopping-phinf.pstatic.net/main_4358640/43586408629.20260331113437.jpg","36b92c5f4c10305aade15b0f27ed0e43"
"181","80억 인류, 가보지 않은 미래 : 한중일 고령화, 서구의 극단주의, 신흥국의 인구폭발까지 세계정세의 대전환을 꿰뚫는 인구통계학의 통찰","nlk","0.4","0.6","0.3","0.7","0","0","0","0","0.8","0.2","0","0.8","v3","#인구통계학 #고령화사회 #국제질서 #인구변동 #대전환기","https://shopping-phinf.pstatic.net/main_4354301/43543019678.20260331102031.jpg","6e77703ea2ae7804918094b7f2d3ed8d"
"182","나의 문학 답사 일지 : 배움을 찾아 떠난 국문학자의 여행","nlk","0.5","0.5","0.4","0.6","0","0","0","0","0","0","0.6","0.4","v3","#국문학의여행 #문학과역사 #춘향전남원 #탁류군산 #문학기행","https://shopping-phinf.pstatic.net/main_3949909/39499091621.20260331122645.jpg","a502004de0333487190a8a2ba4adeef2"
"183","이토록 우아한 제로 웨이스트 여행 : 1년 반, 12,500km 유라시아 자전거 유람기","nlk","0.7","0.3","0.6","0.4","0.4","0.6","0.3","0.7","0.4","0.6","0.5","0.5","v3","#제로웨이스트여행 #유라시아대륙여행 #자전거여행 #지속가능한여행 #우아한여행","https://shopping-phinf.pstatic.net/main_4190545/41905458621.20260331094545.jpg","e5bd9ea205da437d17f00da070ed2767"
"184","도시의 맛 : 인문학이 살아있는 도시여행 큐레이션","nlk","0.6","0.4","0.5","0.5","0","0","0","0","0.3","0.7","0.4","0.6","v3","#도시의인문학 #여행의인문학 #문화의다양성 #도시와문화 #미식과인문학","https://shopping-phinf.pstatic.net/main_4475525/44755253620.20260331122315.jpg","b13e2543b0143e47cdbbce3d4c113ba9"
"185","인류의 여정 : 부와 불평등의 기원 그리고 우리의 미래","nlk","0.5","0.5","0.4","0.6","0","0","0.4","0.6","0.4","0.6","0.3","0.7","v3","#인류진화 #경제혁명 #부와불평등 #뇌과학과진화 #인류의여정","https://shopping-phinf.pstatic.net/main_3817899/38178993643.20260331122442.jpg","185ad00d1737a6d4c6a8fff6828c69ca"
"186","우리가 우주에 가야 하는 이유","nlk","0.5","0.5","0.4","0.6","0.2","0.8","0.3","0.7","0.4","0.6","0.3","0.7","v3","#우주여행 #미래과학 #태양계탐사 #인문학적우주론 #기술과인류","https://shopping-phinf.pstatic.net/main_4527668/45276689620.20260331111127.jpg","1e6fa26998cc2508a58f85c2a7213540"
"187","프랑스의 음식문화사 : 프랑스 음식은 어떻게 세계 최고가 되었나","nlk","0.3","0.7","0.5","0.5","0","0","0","0","0.7","0.3","0","0.8","v3","#프랑스음식문화 #미식의역사 #유네스코인류문화유산 #고대갈리아시대 #요리발전에미친영향 #문화와예술","https://shopping-phinf.pstatic.net/main_4374373/43743737618.20260331095010.jpg","3b63ac01c06dfd3d214d9eca70f679d9"
"188","노숙 인생","nlk","0.7","0.3","0.4","0.5","0","0","0","0","0","0","0.8","0.2","v3","#자연과공존 #자연과인간 #여행 #소설","https://shopping-phinf.pstatic.net/main_4566106/45661066618.20260331102847.jpg","83cd32135560946afdd0c943bec4d097"
"189","지리학자의 열대 인문여행 : 야만과 지상낙원이라는 편견에 갇힌 열대의 진짜 모습을 만나다","nlk","0.5","0.5","0.4","0.6","0","0","0","0","0.4","0.6","0.3","0.7","v3","#열대지리학 #인문학적탐구 #야만과지상낙원 #열대의진실 #지리적인식","https://shopping-phinf.pstatic.net/main_4174023/41740235741.20260331094630.jpg","684ba270ad46e42451f03f7958f24741"
"190","경성 맛집 산책","nlk","0.2","0.8","0.5","0.5","0","0","0","0","0","0","0","0.9","v3","#경성시대 #문화와예술 #식민지시대 #맛집탐방 #역사속일상","https://shopping-phinf.pstatic.net/main_4230245/42302459618.20260331121623.jpg","5074c99b85310e9faaa6da7fddffd83b"
"191","미국이 만든 가난 : 가장 부유한 국가에 존재하는 빈곤의 진실","nlk","0.5","0.5","0.3","0.7","0.8","0.2","0.4","0.6","0.4","0.6","0.3","0.7","v4a","#미국빈곤 #자본주의비판 #불평등사회 #사회문제 #아메리칸드림","https://shopping-phinf.pstatic.net/main_4403181/44031818629.20260331121909.jpg","9e3c309b2e5eaf0b95fd7ae6bec3d330"
"192","다크투어, 내 여행의 이름 : 타인의 고통이, 떠나는 이유가 될 수도 있다","nlk","0.5","0.5","0.3","0.7","0","0","0","0","0","0","0.4","0.6","v3","#제노사이드 #다크투어리즘 #역사적비극 #고통의기억 #여행의의미","https://shopping-phinf.pstatic.net/main_3995006/39950061621.20260331120509.jpg","ff4866829f6165908eb1598c72bc47f9"
"193","우리나라 탐조지 100","nlk","0.4","0.6","0.5","0.5","0","0","0","0","0.3","0.7","0.2","0.8","v3","#조류관찰 #탐조지 #생태계보전 #한국의새 #환경탐사","https://shopping-phinf.pstatic.net/main_4520845/45208454622.20260101071526.jpg","c939adf0b3fb0243408a4d54a5e2b23f"
"194","뉴럴 링크 : 21세기를 이끄는 거대한 연결, 뇌-컴퓨터 인터페이스","nlk","0.4","0.6","0.5","0.5","0","0","0","0","0.2","0.8","0","0.9","v3","#뇌와행동 #기술패권과정치 #생명과학 #인공지능 #BCI기술","https://shopping-phinf.pstatic.net/main_4505663/45056637618.20260331122216.jpg","8b7173de7d63851dcc22e52fb86848ad"
"195","각본 없음 : 삶의 다음 페이지로 넘어가기 위해 쓴 것들","nlk","0.8","0.2","0.6","0.4","0.5","0.5","0.4","0.6","0.3","0.7","0.4","0.6","v3","#상실과회복 #삶의의미 #기억과정체성 #일상의고통 #다시쓰기","https://shopping-phinf.pstatic.net/main_4580106/45801061618.20260331095013.jpg","460ff86a9cf4fdb367bb6003c8d426cb"
"196","유튜브 백과 : 세계의 연결자, 최고의 미디어가 된 빅테크 플랫폼","nlk","0.3","0.7","0.5","0.5","0","0","0","0","0.2","0.8","0","0.8","v3","#유튜브플랫폼 #미디어생태계 #빅테크기업 #콘텐츠전략 #디지털문화","https://shopping-phinf.pstatic.net/main_4585765/45857653629.20260331094849.jpg","360e134eaae5c8ff133fdc5df5c0d28a"
"197","물질의 세계 : 6가지 물질이 그려내는 인류 문명의 대서사시","nlk","0.4","0.6","0.5","0.5","0","0","0","0","0.3","0.7","0","0.8","v3","#물질과문화 #기술과물질 #역사속물질 #환경과물질 #문명과물질","https://shopping-phinf.pstatic.net/main_4594514/45945140629.20260331101045.jpg","b98b59064592df2e0ca288cb13881b2b"
"198","출근길 심리학 : 단단하고 유연한 멘탈을 위한 33가지 마음의 법칙","nlk","0.6","0.4","0.5","0.5","0.7","0.2","0.3","0.7","0.4","0.6","0","0.8","v3","#현대인의불안 #심리적회복 #스트레스관리","https://shopping-phinf.pstatic.net/main_4544671/45446710620.20260331095657.jpg","075555dbbabb2418c66c91248a90a8b7"
"199","전시디자인, 미술의 발견 : 작품은 어떻게 스토리가 되는가","nlk","0.4","0.6","0.5","0.5","0","0","0","0","0.3","0.7","0","0.8","v3","#전시디자인 #미술과스토리텔링 #공간의의미 #작품해석 #미술관경험","https://shopping-phinf.pstatic.net/main_4392181/43921813619.20260331110142.jpg","174465ea79d20c4476bedf729475ed1f"
"200","해파리의 시간은 거꾸로 간다 : 세월의 무게를 덜어 주는 경이로운 노화 과학","nlk","0.5","0.5","0.4","0.6","0","0","0","0","0.3","0.7","0.3","0.7","v3","#노화과학 #생물학적변화 #세월의무게 #경이로운현상 #시간의흐름","https://shopping-phinf.pstatic.net/main_4590608/45906083619.20260331122117.jpg","f62b3ccb460b5ce91ef23b69fd845711"
"201","한 사람의 노래가 온 거리에 노래를 : 창비시선 500 특별시선집","nlk","0.6","0.4","0.5","0.5","0","0","0","0","0.2","0.8","0.7","0.3","v3","#시의인문학 #노래와예술 #한국시사상","https://shopping-phinf.pstatic.net/main_4665265/46652655628.20260331110049.jpg","8f83617d4b6fd46b1fe544cc5e90e2ed"
"202","친애하는 슐츠 씨 : 오래된 편견을 넘어선 사람들","nlk","0.5","0.5","0.4","0.6","0","0","0","0","0.3","0.7","0","0.9","v3","#미국사회 #차별과편견 #탄생의배경 #인권운동 #불평등사회","https://shopping-phinf.pstatic.net/main_4800102/48001022622.20260331121700.jpg","8cc941bf0a190212910f8c3b3b66c925"
"203","재뉴어리의 푸른 문 : 앨릭스 E. 해로우 장편소설","nlk","0.8","0.2","0","0","0","0","0","0","0","0","0.9","0.1","v3","#판타지소설 #문학적모험 #고고학 #세상과의소통 #가족관계 #소설","https://shopping-phinf.pstatic.net/main_4857662/48576622619.20260331102021.jpg","727e7bcd25d0fc510133abb9713d946d"
"204","나답게 산다는 것 : 나를 찾고자 하는 이들의 철학수업","nlk","0.7","0.3","0.5","0.5","0","0","0","0","0.4","0.6","0.5","0.5","v3","#자기성찰 #철학적삶 #인간의가치 #나를찾는여정 #일상철학","https://shopping-phinf.pstatic.net/main_4827441/48274411626.20260331112804.jpg","810c4f4223375b4eae15fae09ca475d0"
"205","자화상 내 마음을 그리다","nlk","0.6","0.4","0.5","0.5","0","0","0","0","0.3","0.7","0.4","0.6","v3","#자화상 #심리학 #미술치료 #내면의성찰 #자기초월","https://shopping-phinf.pstatic.net/main_4572147/45721479621.20260331115416.jpg","b273e11ecb2a2a55e3d5d0804deacdeb"
"206","살아있니, 황금두더지 : 사라져 가는 존재에 대한 기억","nlk","0.7","0.3","0.6","0.4","0.5","0.5","0.4","0.6","0.3","0.7","0.4","0.6","v3","#황금두더지 #동물행태 #감각과인식 #미지의존재 #기억과실체","https://shopping-phinf.pstatic.net/main_4762583/47625831624.20260331101027.jpg","062448487a263d20882c798defbbb371"
"207","쓰게 될 것 : 최진영 소설집","nlk","0.7","0.3","0","0","0","0","0","0","0","0","0.8","0.2","v3","#기후위기 #인공지능의문제 #현대인의불안 #전쟁의참혹 #한국현대소설 #소설","https://shopping-phinf.pstatic.net/main_4840981/48409819632.20260331115155.jpg","5d2940ea4893ab34d25703f86939c0a1"
"208","(조용하고 끈질기게 살아남은) 잡초들의 전략","nlk","0.6","0.4","0.5","0.5","0","0","0.3","0.7","0.4","0.6","0.2","0.8","v3","#생명전략 #식물학 #생존기술 #환경적응 #자연의지혜","https://shopping-phinf.pstatic.net/main_4858125/48581259628.20260331104550.jpg","c114d6d8b5d999cf648a07bdf664f4fa"
"209","AGI 시대와 인간의 미래 : 챗GPT 이후의 삶, 일자리 그리고 교육","nlk","0.5","0.5","0.4","0.6","0","0","0","0","0.3","0.7","0","0.9","v3","#AGI시대 #인공지능과일자리 #인공지능 #미래기술과교육 #범용인공지능","https://shopping-phinf.pstatic.net/main_4800197/48001970626.20260331102858.jpg","a422e0a74e5961858b7d582916190711"
"210","이렇게 누워만 있어도 괜찮을까 : 오늘도 고립의 시간을 살아가는 여성 청년들","nlk","0.7","0.3","0.5","0.5","0.4","0.6","0.3","0.7","0.2","0.8","0.3","0.7","v3","#고립청년 #여성청년 #여성고립 #자살위험 #코로나19 #사회적고립 #사회적안전망","https://shopping-phinf.pstatic.net/main_4306899/43068993623.20260331120416.jpg","979a6fb35ea5e8938af600eb1ed66036"
"211","윈터 씨의 해빙기 : 슈테판 쿨만 장편소설","nlk","0.6","0.4","0","0","0","0","0","0","0","0","0.9","0.1","v3","#상실과회복 #인간관계 #마음의고립 #사회적관계 #인생의갈등 #소설","https://shopping-phinf.pstatic.net/main_4726370/47263707661.20260331101939.jpg","ddab651a6a34e7cbaf1ac8a48c97cd2b"
"212","쓸데없는 걱정으로 준비된 체력이 소진되었습니다 : 쉽게 불안해하는 당신을 위한 걱정 끊기의 기술","nlk","0.7","0.3","0.5","0.5","0","0","0.2","0.8","0.3","0.7","0.3","0.7","v3","#불안과정념 #비교와자존감 #심리적패배감 #걱정끊기의기술 #자기수용훈련","https://shopping-phinf.pstatic.net/main_4857499/48574992618.20260331122901.jpg","e155faf272a9db416efb3971081a82f0"
"213","공감사회를 위한 담론들","nlk","0.6","0.4","0.4","0.6","0.5","0.5","0.3","0.7","0.5","0.5","0.4","0.6","v4a","#사회양극화 #공감사회 #개인과공동체 #자유주의비판 #대안담론 #사회담론","https://shopping-phinf.pstatic.net/main_3838657/38386577618.20251220072701.jpg","221c760d41bd4094ad2c8cdb27bec4d0"
"214","외로움의 습격 : 모두, 홀로 남겨질 것이다","nlk","0.5","0.5","0.4","0.6","0","0","0","0","0.3","0.7","0","0.9","v3","#외로움 #사회적고립 #현대인의불안 #사회적관계 #사회적안전망 #사회적해법","https://shopping-phinf.pstatic.net/main_4442838/44428380621.20260331111827.jpg","36199916f74b79370ed0fbcbf432a0b9"
"215","(쇼펜하우어의) 고독한 행복","nlk","0.6","0.4","0.5","0.5","0","0","0","0","0.3","0.7","0.5","0.5","v3","#쇼펜하우어 #고독 #행복의철학 #삶의실체 #내면의평화","https://shopping-phinf.pstatic.net/main_4867375/48673757618.20260225071109.jpg","a3b19bec678aecea5b372b858115a986"
"216","남겨진 것들의 기록 : 유품정리사가 써내려간 떠난 이들의 뒷모습","nlk","0.8","0.2","0.5","0.5","0","0","0","0","0","0","0.6","0.4","v3","#고독사와유품정리 #상실의아픔 #삶의마지막 #개인화된삶 #외로움과상실","https://shopping-phinf.pstatic.net/main_4526492/45264928624.20260331112510.jpg","52d7368e7a7db0a61d40db8b0010f733"
"217","세상에서 가장 긴 행복 탐구 보고서 : '행복의 조건'을 찾는 하버드의 연구는 지금도 계속된다","nlk","0.5","0.5","0.4","0.6","0","0","0","0","0.2","0.8","0.3","0.7","v3","#행복연구 #하버드연구 #성인발달 #행복의조건 #삶의변화","https://shopping-phinf.pstatic.net/main_4320556/43205569619.20260331114907.jpg","88c0655fb88a3522a7663a53bd33008e"
"218","가난한 아이들은 어떻게 어른이 되는가 : 빈곤과 청소년, 10년의 기록","nlk","0.6","0.4","0.5","0.5","0.6","0.3","0.4","0.6","0.3","0.7","0","0.8","v3","#불평등사회 #청소년기 #사회적고립 #가정환경 #청소년빈곤 #청년빈곤 #더나은공동체 #사회적안전망","https://shopping-phinf.pstatic.net/main_4380216/43802167629.20260331104752.jpg","100cef8d0ed90a5736a2f2ede2d246b8"
"219","고층 입원실의 갱스터 할머니","nlk","0.7","0.3","0.5","0.5","0","0","0","0","0","0","0.6","0.4","v3","#루푸스병 #고독한투병 #일상의고통 #존재론적고찰 #할머니의삶","https://shopping-phinf.pstatic.net/main_4633284/46332844618.20260331111526.jpg","bca2fba25856c88974ae1846d3006458"
"220","뭉크의 별이 빛나는 밤 : 고독 속 절규마저 빛나는 순간","nlk","0.5","0.5","0.4","0.6","0","0","0","0","0","0","0.7","0.3","v3","#뭉크 #예술가의고독 #고통과창작 #삶과작품 #희망과절망","https://shopping-phinf.pstatic.net/main_4947665/49476651619.20260331115703.jpg","88bab01d8b0970bb00878e9f5200fe5c"
"221","내가 누구인지 아는 것이 왜 중요한가 : 그간 외면해온 외로운 나에게 인생을 묻다","nlk","0.9","0.1","0.6","0.4","0.5","0.5","0.4","0.6","0.4","0.6","0.2","0.8","v3","#자기인식 #내면탐구 #심리학 #존재론적질문 #고독과소통","https://shopping-phinf.pstatic.net/main_4546524/45465241623.20260331123128.jpg","7a8828132a188d76ed70d8648827d604"
"222","나에게 진실이라는 거짓을 맹세해","nlk","0.5","0.5","0.3","0.7","0","0","0","0","0","0","0.8","0.2","v3","#범죄심리 #진실과거짓 #관계의불안 #노르웨이사회 #인간의심각한면 #소설","https://shopping-phinf.pstatic.net/main_5045606/50456067632.20260331101702.jpg","33e00a0fd4a5ac49633cf8a5dc5b02ee"
"223","오렌지와 빵칼 : 청예 장편소설","nlk","0.6","0.4","0.4","0.6","0","0","0","0","0","0","0.9","0.1","v3","#인간내면의갈등 #정서조절 #유치원과교육 #억압과해방 #미스터리소설 #소설","https://shopping-phinf.pstatic.net/main_4893740/48937406626.20260331112459.jpg","ba4c8dc993c41e6118690d53d26702e6"
"224","위대한 관찰 : 곤충학자이길 거부했던 자연주의자 장 앙리 파브르의 말과 삶","nlk","0.4","0.6","0.5","0.5","0","0","0","0","0.6","0.4","0.3","0.7","v3","#파브르곤충기 #자연주의 #관찰과기록 #생물다양성 #인문학적자연","https://shopping-phinf.pstatic.net/main_5024353/50243538627.20260331094626.jpg","a6fa19a34b2cc8e31659d44eee3f4b5e"
"225","일생에 한번은 헌법을 읽어라 : 흔들릴 때마다 삶의 중심을 잡아주는 기준에 관하여","nlk","0.5","0.5","0.4","0.6","0","0","0","0","0.5","0.5","0","0","v3","#헌법 #법치주의 #국가와법 #정치사상 #법과정치","https://shopping-phinf.pstatic.net/main_4936616/49366168622.20260331114240.jpg","fdb29850a182121e5623011ca829111c"
"226","완벽이라는 중독 : 불안한 완벽주의자를 위한 심리학","nlk","0.8","0.2","0.5","0.5","0","0","0.4","0.6","0.3","0.7","0.3","0.7","v3","#완벽주의 #불안 #심리학 #자기몰아세움","https://shopping-phinf.pstatic.net/main_5038272/50382724622.20260331104756.jpg","9be045ae62b61d2c95a14babc90bd9c6"
"227","생각의 기술 : 바로 써먹는 논리학 사용법","nlk","0.5","0.5","0.4","0.6","0","0","0","0","0.3","0.7","0.2","0.8","v4a","#논리학 #사고력향상 #비판적사고 #소통능력 #인간심리","https://shopping-phinf.pstatic.net/main_5056360/50563603657.20260331100414.jpg","8d584e5f9b4fe18baed6def92680b0cf"
"228","기술은 세상을 어떻게 바꾸는가 : 최초의 질문에서 패러다임이 되기까지","nlk","0.2","0.8","0.7","0.3","0","0","0","0","0.8","0.2","0.1","0.9","v3","#기술의발전 #혁신기술 #인공지능 #사회적조건 #기술이야기 #명쾌한설명","https://shopping-phinf.pstatic.net/main_5056346/50563467645.20260331110913.jpg","7df1fc058f0b2a6d72aef1b1233879e8"
"229","가위는 왜 가위처럼 생겼을까","nlk","0.4","0.6","0.5","0.5","0","0","0","0","0.6","0.4","0.2","0.8","v3","#물리학적원리 #도구의설계 #일상의과학 #인간과도구 #과학적호기심","https://shopping-phinf.pstatic.net/main_4941122/49411223620.20260331095923.jpg","bf9fcccd5b39284c21909431940087fa"
"230","제대로 연습하는 법 : 어학부터 스포츠까지, 인지심리학이 제시하는 배움의 기술","nlk","0.5","0.5","0.4","0.6","0","0","0","0","0.5","0.5","0.1","0.9","v3","#인지심리학 #배움의기술 #훈련과성장 #심리과학 #기량향상","https://shopping-phinf.pstatic.net/main_5192889/51928899619.20260331105723.jpg","31643c5ff6a6abcbcabdc231d5a720a6"
"231","침묵을 배우는 시간 : 말이 넘쳐나는 세상 속, 더욱 빛을 발하는 침묵의 품격","nlk","0.6","0.4","0.5","0.5","0","0","0","0","0.4","0.6","0.3","0.7","v3","#침묵과소통 #내면의성장 #현대인의고요 #관계의미학 #고요의품격","https://shopping-phinf.pstatic.net/main_4909347/49093470618.20260331121117.jpg","b04c676eed9f16fc86d6ab6551a21d3f"
"232","지명발견록 : 우리 땅 이름의 숨겨진 이야기","nlk","0.4","0.6","0.5","0.5","0","0","0","0","0.5","0.5","0.2","0.8","v3","#지명과이름 #고유어의미 #역사속지명 #언어와문화 #시인과인문학","https://shopping-phinf.pstatic.net/main_5103243/51032430620.20260331123718.jpg","ef13b79bb77e1f25c80fdd5a9877924e"
"233","빛이 이끄는 곳으로 : 백희성 장편소설","nlk","0.5","0.5","0.4","0.6","0","0","0","0","0","0","0.9","0.1","v3","#건축과인간관계 #파리저택미스터리 #기억과공간 #건축가의삶 #집과일상 #소설","https://shopping-phinf.pstatic.net/main_4980032/49800327645.20260331112519.jpg","11233469f279be1c5c1e6ee0d88e5a77"
"234","개미 오디세이 : 운명을 짊어진 개미의 여정","nlk","0.4","0.6","0.6","0.4","0","0","0","0","0.3","0.7","0","0.8","v3","#개미의생태 #곤충학 #군집행위 #생물다양성 #생태계전환","https://shopping-phinf.pstatic.net/main_5101057/51010571623.20260331115456.jpg","673c431be65aa5401364c0456d252f15"
"235","(교양인이 알아야 할) 음식의 역사 : 인류는 무엇을 어떻게 먹어왔을까, 그리고 미래에도 그렇게 먹을 수 있을까","nlk","0.3","0.7","0.5","0.5","0.4","0.6","0.3","0.7","0.5","0.5","0.2","0.8","v3","#문화와예술 #인류의식습관 #문화와음식 #식습성과사회 #미래의식생활","https://shopping-phinf.pstatic.net/main_5029639/50296395624.20260331112322.jpg","1a3c4504662443df3e2b3bfdd49b2517"
"236","나의 작은 나라 : 가엘 파유 장편소설","nlk","0.6","0.4","0.4","0.6","0","0","0","0","0","0","0.9","0.1","v3","#부룬디내전 #자전적소설 #어린시절의기억 #고통과상실 #희망과연대 #소설","https://shopping-phinf.pstatic.net/main_5134392/51343926618.20260331103845.jpg","12fd6f1454cdba255cfb9ff3770e9ab3"
"237","코끼리는 암에 걸리지 않는다 : 삶의 한계에 도전하는 동물들, 그 경이로움에 관하여","nlk","0.5","0.5","0.5","0.5","0","0","0","0","0.4","0.6","0.3","0.7","v3","#암과질병 #동물의생존 #생태적회복탄력성 #생명과학 #자연의지혜","https://shopping-phinf.pstatic.net/main_5073787/50737876618.20260331111158.jpg","74b556de48dee8a33d3267b826aa7f81"
"238","텔로미어","nlk","0.5","0.5","0","0","0","0","0","0","0","0","0.8","0.2","v3","#텔로미어 #노화와수명 #생명진화 #소설","https://shopping-phinf.pstatic.net/main_5127483/51274834620.20260331103220.jpg","d50e703d8b648ca99a67abd3db507793"
"239","상상하는 공학 진화하는 인간 : KAIST 기계공학과 교수들이 들려주는 첨단 기술의 오늘과 내일","nlk","0","0","0","0","0","0","0","0","0.8","0.2","0","0.8","v3","#인공지능 #기계공학 #첨단기술 #미래기술 #기술발전","https://shopping-phinf.pstatic.net/main_4778036/47780365622.20260331104222.jpg","7cd2df3779b1e01bc80ab7c049703326"
"240","시간의 지배자 : 사피엔스를 지구의 정복자로 만든 예지의 과학","nlk","0","0","0","0","0","0","0","0","0.7","0.3","0","0.9","v3","#인류진화 #예지력 #사피엔스 #과학적탐구 #시간의인과관계","https://shopping-phinf.pstatic.net/main_4893741/48937417618.20260331121754.jpg","21f08f5268f2384382739348c4a5b4eb"
"241","초연결 학교 : 세상을 품은 학교의 시대가 온다","nlk","0.5","0.5","0.4","0.6","0","0","0","0","0.3","0.7","0","0.8","v3","#초연결학교 #교육의미래 #학교혁신 #지식플랫폼 #세상과의연결","https://shopping-phinf.pstatic.net/main_5199281/51992813629.20260331113916.jpg","826ea777abcfe82e72d691424d7e6e2a"
"242","왜 읽고 쓰고 걸어야 하는가 : 비고츠키, 진화학, 뇌과학, 마을교육공동체의 만남","nlk","0.6","0.4","0.5","0.5","0","0","0","0","0.4","0.6","0","0.8","v3","#뇌과학 #비고츠키이론 #진화학 #교육공동체 #인간발달","https://shopping-phinf.pstatic.net/main_4707068/47070687619.20260331100922.jpg","6477402cd0851ddd52d65d8bacc8209a"
"243","숨 쉬는 것들은 어떻게든 진화한다 : 변화 가득한 오늘을 살아내는 자연 생태의 힘","nlk","0.6","0.4","0.5","0.5","0.4","0.6","0.3","0.7","0.4","0.6","0.3","0.7","v3","#생태진화 #도시생태 #스트레스와생존 #자연적응 #동물행태연구","https://shopping-phinf.pstatic.net/main_4713028/47130289618.20260331111050.jpg","cc75f288df68e0f76d45c4b1657280b4"
"244","(빼앗긴 집중력을 되찾고 당신의 뇌를 최적화할) 깊은 생각의 비밀","nlk","0.4","0.6","0.5","0.5","0","0","0.2","0.8","0.5","0.5","0.2","0.8","v3","#뇌와행동 #깊은사고 #인공지능 #인지심리학 #생각훈련","https://shopping-phinf.pstatic.net/main_4648358/46483581618.20260331102024.jpg","3381744cdf7f3b168d77efe83c51e6cd"
"245","인간 문명의 네 가지 법칙 : 에너지, 혁신, 협력, 진화가 역사의 방향을 결정한다","nlk","0.5","0.5","0.4","0.6","0.3","0.7","0.4","0.6","0.5","0.5","0.2","0.8","v3","#문명과진화 #에너지시스템 #혁신과발전 #협력과진화 #인문학적사고","https://shopping-phinf.pstatic.net/main_5160325/51603257619.20260331112549.jpg","408d5bf9df17b85854c8d4991686da73"
"246","살아갈 날들을 위한 괴테의 시","nlk","0.7","0.3","0.6","0.4","0.5","0.5","0","0","0.3","0.7","0.6","0.4","v3","#괴테 #삶의희망 #인생의방향 #문학으로본인간 #예술가의삶","https://shopping-phinf.pstatic.net/main_5242660/52426603618.20260331094436.jpg","797867a02e062c968d8de2d12a08e596"
"247","균형 잡힌 뇌 : 인공지능 시대가 버거운 당신에게","nlk","0.6","0.4","0.5","0.5","0","0","0.3","0.7","0.4","0.6","0.3","0.7","v3","#인공지능 #현대인의불안 #공감의필요 #균형잡힌뇌 #삶의균형","https://shopping-phinf.pstatic.net/main_5225497/52254972621.20260331111628.jpg","59b74604c383459f5e33957814e32ea2"
"248","데드 스페이스","nlk","0.4","0.6","0","0","0","0","0","0","0","0","0.7","0.3","v3","#인공지능의진화 #미래우주시대 #기업의횡포 #인간과기계 #공진화 #소설","https://shopping-phinf.pstatic.net/main_5234343/52343431621.20260331112847.jpg","8eb981326158931e5127c04292d5ce12"
"249","철학으로 돌파하라 : 변화의 시대, 불안을 기대로 바꿔줄 43가지 지혜의 도구","nlk","0.4","0.6","0.3","0.7","0.4","0.6","0.3","0.7","0.5","0.5","0.2","0.8","v3","#불안과정념 #변화의철학 #사회문제와철학 #기회와위기 #미래사고","https://shopping-phinf.pstatic.net/main_5240380/52403805625.20260331101226.jpg","46024167af810403a23df427dbd5ae9d"
"250","나는 언제나 늙기를 기다려왔다","nlk","0.7","0.3","0.5","0.5","0.4","0.6","0","0","0.3","0.7","0.6","0.4","v3","#노년의시간 #시간의흐름 #자기성찰 #늙음에대한인식 #생애의전환점","https://shopping-phinf.pstatic.net/main_5321444/53214448395.20260331103435.jpg","4e6d478b17752705785b31a216a5cf75"
"251","스테로이드 인류 : 기적과 죽음의 연대기","nlk","0.4","0.6","0.3","0.7","0","0","0","0","0.5","0.5","0.3","0.7","v3","#스테로이드 #호르몬 #의약역사 #기적과죽음 #실험과치험","https://shopping-phinf.pstatic.net/main_5346617/53466174472.20260331102446.jpg","1b40f8ada1a6dcfde305185ed01d2467"
"252","기울어진 문해력 : 끊어진 대화의 시대, 텍스트와 세상을 새롭게 읽는 법","nlk","0.5","0.5","0.4","0.6","0.3","0.7","0","0","0.6","0.4","0.2","0.8","v3","#문해력저하 #텍스트읽기 #미디어시대 #인문학적위기 #독서습관","https://shopping-phinf.pstatic.net/main_5252057/52520570858.20260331095829.jpg","6d4188980c3a179c02395b6908477252"
"253","100가지 물건으로 보는 우주의 역사 : NASA 과학자가 선정한 인류의 지혜로운 도구들","nlk","0.3","0.7","0.6","0.4","0.4","0.6","0.3","0.7","0.5","0.5","0.2","0.8","v3","#우주역사 #천체관측 #NASA #인문과학","https://shopping-phinf.pstatic.net/main_5198112/51981121663.20260331123026.jpg","954a4909185364021b5851fab54c959b"
"254","감상의 심리학 : 예술 작품을 볼 때 머릿속에서는 무슨일이 벌어질까?","nlk","0.4","0.6","0.5","0.5","0","0","0","0","0.3","0.7","0.4","0.6","v3","#예술심리학 #뇌와행동 #감상과인식 #감상의심리학","https://shopping-phinf.pstatic.net/main_5321177/53211770971.20260331113851.jpg","5b53b8be88035145c072de525c1f82ff"
"255","단역배우 김순효 씨 : 이수정 장편소설","nlk","0.8","0.2","0.4","0.6","0","0","0","0","0","1","0.9","0.1","v3","#단역배우 #모녀관계 #기억과장소 #가족의의미 #한국현대소설 #소설","https://shopping-phinf.pstatic.net/main_5353373/53533737555.20260331121620.jpg","b24d52958c60644819c90cdd595c8f65"
"256","대화를 한다는 것","nlk","0.5","0.5","0.5","0.5","0","0","0","0","0.4","0.6","0.3","0.7","v3","#대화의미 #경청의기술 #인간관계의심리학 #의사소통방식 #침묵의의미","https://shopping-phinf.pstatic.net/main_5321445/53214451534.20260331104547.jpg","f96082e5c8eccc9ec9543aac7786f39e"
"257","AI 시대 창의적 인간 : 인간은 어떻게 인공지능과 공존할 것인가","nlk","0.6","0.4","0.5","0.5","0.3","0.7","0.4","0.6","0.4","0.6","0.3","0.7","v3","#인공지능 #창의적인간 #크리지먼트 #인간과AI의협력 #창의성확장 #새로운지평","https://shopping-phinf.pstatic.net/main_5175995/51759954631.20260331114330.jpg","0c79047fa676378ac3c874b05dd3798c"
"258","소풍을 빌려드립니다 : 복합문화공간 : 문하연 장편소설","nlk","0.7","0.3","0.4","0.6","0","0","0","0","0","1","0.9","0.1","v3","#연대와공감 #호숫가마을 #위로와치유 #한국현대소설 #소설","https://shopping-phinf.pstatic.net/main_5426762/54267620174.20260331110601.jpg","eb7563683343efc40d62e05ad9895f2c"
"259","AI를 압도하는 내면 경쟁력 : 나의 가능성을 발견하는 7가지 인간다움의 힘","nlk","0.5","0.5","0.4","0.6","0","0","0.3","0.7","0.6","0.4","0.3","0.7","v3","#인공지능과인간 #내면의힘 #내면경쟁력 #인간다움 #심리학","https://shopping-phinf.pstatic.net/main_5493960/54939600660.20260331113836.jpg","58c26d61081b3e6c17eec7aff25f6fd0"
"260","꽃을 공부합니다 : 가드너의 꽃, 문화, 그리고 과학 이야기","nlk","0","0","0","0","0","0","0","0","0.2","0.8","0","0","v3","#꽃과생태 #식물과학 #문화와생명 #가드너의탐구 #생명의다양성","https://shopping-phinf.pstatic.net/main_5477067/54770679775.20260331110819.jpg","0b4f77c4652be48a35ffd9d83fe898ab"
"261","다정함이 인격이다 : 임상심리전문가 김선희가 전하는 다정함의 심리학","nlk","0.7","0.3","0.5","0.5","0","0","0","0","0.3","0.7","0.4","0.6","v3","#다정함 #다정함의심리학 #다정한관계 #사회적관계 #상담심리","https://shopping-phinf.pstatic.net/main_5253906/52539061080.20260331100154.jpg","c67e9651157e39100a4eaac6dca8ca2b"
"262","경이로운 한국인","nlk","0.6","0.4","0.5","0.5","0","0","0","0","0","0","0.4","0.6","v3","#한국인 #문화관찰 #일상의미 #사회심리 #배려의식","https://shopping-phinf.pstatic.net/main_5366690/53666908252.20260331110200.jpg","7b7829987881b7dd38ed511be5bb7117"
"263","언젠가 모든 것은 바다로 떨어진다 : 세라 핀스커 소설집","nlk","0.5","0.5","0.4","0.6","0","0","0","0","0","1","0.8","0.2","v3","#기술과사회 #미래사회 #SF소설 #인간과기술 #현대인의경험 #소설","https://shopping-phinf.pstatic.net/main_5318966/53189663092.20260331102152.jpg","a4f264a1f54d0767f10b86d972351706"
"264","음식은 넘쳐나고, 인간은 배고프다 : 바츨라프 스밀의 세계를 먹여 살리는 법","nlk","0.5","0.5","0.4","0.6","0","0","0.3","0.7","0.3","0.7","0.2","0.8","v3","#식량의문제 #빈곤과불평등 #환경과미래 #경제의인문학 #세계의빈곤","https://shopping-phinf.pstatic.net/main_5481319/54813192716.20260331105814.jpg","62bbd3941dc2eba20c929152a2755dd6"
"265","노화도 설계하는 시대가 온다 : AI와 바이오 혁명이 바꾸는 노화의 미래","nlk","0","0","0","0","0","0","0","0","0.3","0.7","0","0","v3","#AI기술 #바이오혁신 #노화연구 #유전자편집 #생명과학","https://shopping-phinf.pstatic.net/main_5402904/54029042838.20260331111848.jpg","5e4850bd89c1fb619fb87f9c344383e4"
"266","먼저 온 미래 : AI 이후의 세계를 경험한 사람들","nlk","0.4","0.6","0.5","0.5","0.4","0.6","0.3","0.7","0.5","0.5","0.2","0.8","v3","#인공지능의영향 #바둑과인공지능 #인공지능 #기술과인간 #논픽션르포","https://shopping-phinf.pstatic.net/main_5546614/55466149541.20260331094625.jpg","00ddcddcd47c922a140f87c7233cfc68"
"267","젊음의 나라 : 손원평 장편소설","nlk","0.6","0.4","0.5","0.5","0.3","0.7","0.3","0.7","0","0","0.7","0.3","v3","#청년문제 #세대갈등 #미래사회 #노인복지 #공동체 #소설 #기술과인간","https://shopping-phinf.pstatic.net/main_5590191/55901918090.20260331102223.jpg","b34991e83a0b8fb9558ce08f10cd9f2e"
"268","바닥짐 위의 행복 : 이것이 진정한 행복이다","nlk","0.7","0.3","0.5","0.5","0","0","0","0","0","0","0.6","0.4","v3","#행복의미 #내면의태도 #삶의의미 #정신적행복 #실존적행복","https://shopping-phinf.pstatic.net/main_5103669/51036691629.20241025201647.jpg","85b4b234d6e8a36f81cb8b6b8444b087"
"269","최재천의 희망 수업 : 그럼에도 오늘을 살아가고 내일을 꿈꿔야 하는 이유","nlk","0.7","0.4","0.6","0.5","0.4","0.6","0.3","0.7","0.4","0.6","0.3","0.7","v3","#통섭형인재 #희망과가치 #희망수업 #생태적삶 #생태적전환","https://shopping-phinf.pstatic.net/main_5277856/52778567860.20260331120302.jpg","991fa924c48c3d1771bbd54700246d24"
"270","내 생의 가장 아름다운 완성 : 나이 듦과 웰에이징에 관한 9인 교수들의 행복 예찬","nlk","0.6","0.5","0.5","0.5","0.5","0.5","0.4","0.6","0.3","0.7","0.4","0.6","v3","#웰에이징 #나이듦 #행복론 #노년의삶 #성숙의길","https://shopping-phinf.pstatic.net/main_5362943/53629439717.20260331105721.jpg","1cdee121bc34001ac13754baa3e703bc"
"271","행복 호르몬 : 무기력, 불안, 우울, 고통을 극복하는 내 안의 힘","nlk","0.6","0.4","0.4","0.6","0.7","0.3","0.4","0.6","0.5","0.5","0.3","0.7","v3","#뇌와행동 #신체심리학 #임상심리학 #현대인의불안 #행복호르몬 #일상속작은변화 #일상의행복","https://shopping-phinf.pstatic.net/main_5487363/54873634449.20260331110043.jpg","075241ae4bad800f1f2347a8133b58e5"
"272","단단한 행복 : 아리스토텔레스에게 배우는 행복에 관한 철학 수업","nlk","0.5","0.5","0.4","0.6","0","0","0.3","0.7","0.4","0.6","0.3","0.7","v3","#아리스토텔레스 #행복의철학 #가치있는삶 #본질적행복 #영혼의성장","https://shopping-phinf.pstatic.net/main_5259202/52592020056.20260331102542.jpg","cb61a376ce6c46469ac7743acf55ac83"
"273","아주 오래된 행복론","nlk","0.5","0.5","0.5","0.5","0","0","0.3","0.7","0.4","0.6","0.3","0.7","v3","#행복론 #알랭 #철학적단상 #습관의힘 #프로포","https://shopping-phinf.pstatic.net/main_5248047/52480475630.20260331100451.jpg","40fe06c86c9804470adae6f9454e25d4"
"274","회복탄력성의 뇌과학 : 하버드대 의사가 알려주는 5가지 회복탄력성 리셋 버튼","nlk","0.5","0.5","0.4","0.6","0","0","0.2","0.8","0.3","0.7","0.2","0.8","v3","#뇌과학 #회복탄력성 #스트레스관리 #심리적회복 #건강한습관","https://shopping-phinf.pstatic.net/main_5474784/54747847889.20260331110605.jpg","907955f2038cae3b3a5720de9cc2caea"
"275","파이어드 : 부의 해방일지","nlk","0.6","0.4","0.4","0.6","0.3","0.7","0.2","0.8","0.3","0.7","0.2","0.8","v3","#경제적자유 #파이어족 #불확실한시대 #행복의가치 #경제적독립","https://shopping-phinf.pstatic.net/main_5282581/52825817466.20260331105822.jpg","7ab4f12dfbefb7b8fd3f65477a860bfc"
"276","파란색 미술관 : 감정에 푸른 물결을 일으킨 15인의 화가들","nlk","0.4","0.6","0.5","0.5","0","0","0","0","0.2","0.8","0.5","0.5","v3","#파란색미술 #감성미술 #현실과환상 #예술가와감정 #색채심리","https://shopping-phinf.pstatic.net/main_5103242/51032429619.20260331100726.jpg","7ac90ecea908e5c4a6142eea250e6c49"
"277","내게 남은 스물다섯 번의 계절 : 슈테판 셰퍼 소설","nlk","0.7","0.3","0.4","0.6","0","0","0","0","0","1","0.9","0.1","v3","#스물다섯 #트라우마 #괴짜농부 #회복 #사회적관계","https://shopping-phinf.pstatic.net/main_5467207/54672072202.20260331104732.jpg","42eb38c6de1368f30357b44dd11eda36"
"278","고흐로 읽는 심리수업","nlk","0.5","0.5","0.4","0.6","0","0","0","0","0.3","0.7","0.4","0.6","v3","#고흐 #심리분석 #예술과정신 #자기성찰 #감정의탐구","https://shopping-phinf.pstatic.net/main_5274047/52740472133.20260331114805.jpg","4f43cca0fcf592b0c6a91b8e69b6e9f0"
"279","미래를 여행하는 회의주의자를 위한 안내서 : 오늘의 과학으로 내일을 상상하는 법","nlk","0.3","0.7","0.4","0.6","0","0","0","0","0.5","0.5","0","0","v3","#미래예측 #미래기술 #과학적상상 #미래학 #더나은미래","https://shopping-phinf.pstatic.net/main_5601571/56015718863.20260331105205.jpg","5079e790d23430ac263a9a04d31f662c"
"280","영원을 향하여 : 안톤 허 장편소설","nlk","0.7","0.3","0.4","0.6","0.3","0.7","0","0","0.2","0.8","0.8","0.2","v3","#불멸 #영원 #과학과윤리 #기억과정체성 #근미래사회 #소설 #기술과인간","https://shopping-phinf.pstatic.net/main_5590463/55904632172.20260331113933.jpg","d2c01ee6e412ca651e48c533fe85f620"
"281","구멍 난 세계 : 우리 세계에 뚫린 구멍에 관한 이야기","nlk","0.7","0.4","0.4","0.5","0.6","0.3","0.3","0.6","0.2","0.8","0.5","0.5","v3","#상실의고통 #기행문 #아프리카여행 #삶의구멍 #무기력감","https://shopping-phinf.pstatic.net/main_5674927/56749276085.20260331094957.jpg","ed7db9a6a9ab13f0840982c845d5c79b"
"282","낯섦과 공존 : AI 시대의 세계관 확장 수업","nlk","0.6","0.4","0.4","0.6","0.5","0.5","0.3","0.7","0.4","0.6","0.2","0.8","v3","#인공지능 #세계관확장 #낯선기술 #공존의방식 #기술과인간","https://shopping-phinf.pstatic.net/main_5598650/55986501666.20260331104935.jpg","bc3a1892af6764a375bb19479073545c"
"283","나는 다시 나를 설계하기로 했다 : 독일 최고의 멘탈 코치가 증명한 생각·행동·습관 설계의 핵심 52","nlk","0.8","0.2","0.5","0.5","0.3","0.7","0.2","0.8","0.4","0.6","0.3","0.7","v3","#습관설계 #뇌과학과행동 #자기계발 #멘탈코칭 #개인정신","https://shopping-phinf.pstatic.net/main_5616452/56164521446.20260331101006.jpg","2f68441cca6836b41e27f5eeb204d7b5"
"284","뒷마당 탐조 클럽","nlk","0.6","0.4","0.5","0.5","0","0","0","0","0","0","0.7","0.3","v3","#자연과공존 #소설가의일상 #뒷마당탐조 #조류관찰","https://shopping-phinf.pstatic.net/main_5534067/55340676319.20260331104004.jpg","30f64cb4866265bb57d5bcfccb1de469"
"285","철학자 16인의 인생수업 : MBTI로 만나는 각양각색 인생 답안지","nlk","0.7","0.3","0.5","0.5","0","0","0","0","0.6","0.4","0.4","0.6","v3","#철학 #MBTI #인생의방향 #철학자와인생 #소크라테스","https://shopping-phinf.pstatic.net/main_5500457/55004573693.20260331102712.jpg","d86cadc5609c15c04c0401244d3ee8cf"
"286","빛을 먹는 존재들 : 온몸으로 경험하고 세상에 파고드는 식물지능의 경이로운 세계","nlk","0.4","0.6","0.3","0.7","0","0","0","0","0.8","0.2","0.2","0.8","v3","#식물지능 #계략과생존 #생태계의소통 #환경과학 #계통발달","https://shopping-phinf.pstatic.net/main_5731306/57313068714.20260331102846.jpg","3b026359f0382042bb670ce93ed55e07"
"287","코다 : 내가 살아가는 두 세계","nlk","0.7","0.3","0.5","0.5","0","0","0","0","0.3","0.7","0.4","0.6","v3","#청인 #가족의소통 #감각의차이 #농인부모 #소통과이해","https://shopping-phinf.pstatic.net/main_5733018/57330184841.20260331123105.jpg","ad9f46c5976392a5b5fe75774114d464"
"288","노 피플 존 : 정이현 소설","nlk","0.5","0.5","0","0","0","0","0","0","0","0","0.8","0.2","v3","#관계의고립 #도시의욕망 #모순적감정 #사회구조 #일상의균열 #소설","https://shopping-phinf.pstatic.net/main_5724766/57247665415.20260331112014.jpg","e230ceee9d348e495c1db5a1d5f48bb7"
"289","브랜드 코드 : 베타라이프 : 일상에서 답을 찾는 브랜딩 인사이트","nlk","0.4","0.6","0.3","0.7","0","0","0","0","0.5","0.5","0.2","0.8","v3","#브랜딩 #베타라이프 #일상브랜딩 #컨설팅 #완벽추구","https://shopping-phinf.pstatic.net/main_5743230/57432301087.20260331105819.jpg","b339166f675aaeff82766b65eb8897c7"
"290","잠시 멈춤 : 논쟁은 줄이고 소통은 더하는 대화의 원칙","nlk","0.5","0.5","0.4","0.6","0","0","0.3","0.7","0.3","0.7","0.3","0.7","v3","#대화의원칙 #소통의기술 #갈등해결 #경청의중요성 #관계의심리학","https://shopping-phinf.pstatic.net/main_5784004/57840045523.20260331121505.jpg","48162ae58d2c48a51306d9bb11f468e2"
"291","호랑이는 숲에 살지 않는다 : 멸종, 공존 그리고 자연의 질서에 관한 이야기","nlk","0.6","0.4","0.4","0.6","0.5","0.5","0.4","0.6","0.3","0.7","0.3","0.7","v3","#호랑이보전 #생태계파괴 #공존과생명 #보전생물학 #자연의질서","https://shopping-phinf.pstatic.net/main_5621418/56214187862.20260331103857.jpg","77d421e1b878cdb2a609cd991c5a8f27"
"292","넥스트 씽킹 : 노벨물리학상 수상자의 사고 대전환 프로젝트","nlk","0.5","0.5","0.6","0.4","0","0.8","0.3","0.7","0.7","0.3","0.2","0.8","v3","#정보의신뢰 #사고의전환 #확증편향 #과학적사고법","https://shopping-phinf.pstatic.net/main_5679885/56798851756.20260331123928.jpg","2722b49aee9fde4f1d671839b73091c5"
"293","茶가일상 : 차 한잔에 이렇게 재미있는 역사·문화·예술·영화 스토리가?","nlk","0.4","0.6","0.5","0.5","0","0","0","0","0.5","0.5","0.6","0.4","v3","#차의역사 #차이야기 #아편전쟁 #영화와차 #차덕후 #문화와예술","https://shopping-phinf.pstatic.net/main_5763463/57634638281.20260331101140.jpg","14217850ef0a586a2b117ea6197211f7"
