"book_id","title","source","tag","action","proposed_tag","note"
"1","사과하려 했는데","notion","#미안함","검토","",""
"1","사과하려 했는데","notion","#가족의관계","검토","",""
"1","사과하려 했는데","notion","#어린이문학","유지","",""
"1","사과하려 했는데","notion","#감정탐구","검토","",""
"1","사과하려 했는데","notion","#성장소설","유지","",""
"2","독학이라는 세계","notion","#인공지능","유지","",""
"2","독학이라는 세계","notion","#학습의의미","검토","",""
"2","독학이라는 세계","notion","#자기성찰","유지","",""
"2","독학이라는 세계","notion","#지적탐구","검토","",""
"3","러시아가 승리한다면","notion","#러시아","검토","",""
"3","러시아가 승리한다면","notion","#미국전략","검토","",""
"3","러시아가 승리한다면","notion","#동서전쟁","검토","",""
"3","러시아가 승리한다면","notion","#국제질서","유지","",""
"3","러시아가 승리한다면","notion","#힘의균형","검토","",""
"4","러시아 제국 연구","notion","#러시아제국","검토","",""
"4","러시아 제국 연구","notion","#제국주의시대","검토","",""
"4","러시아 제국 연구","notion","#역사연구","검토","",""
"4","러시아 제국 연구","notion","#동유럽역사","검토","",""
"4","러시아 제국 연구","notion","#러시아사회","검토","",""
"5","슬픈 살인","notion","#조현병","검토","",""
"5","슬픈 살인","notion","#정신질환","검토","",""
"5","슬픈 살인","notion","#정신건강","치환","#심리학",""
"5","슬픈 살인","notion","#사회적고립","유지","",""
"5","슬픈 살인","notion","#예일대","검토","",""
"6","오징어땅콩전","notion","#오징어땅콩","검토","",""
"6","오징어땅콩전","notion","#전쟁이야기","검토","",""
"6","오징어땅콩전","notion","#어린이문학","유지","",""
"6","오징어땅콩전","notion","#이야기의힘","검토","",""
"6","오징어땅콩전","notion","#상상력","유지","",""
"7","나의 친구들","notion","#청소년우정","검토","",""
"7","나의 친구들","notion","#성장소설","유지","",""
"7","나의 친구들","notion","#사회적관계","유지","",""
"7","나의 친구들","notion","#소설의향기","검토","",""
"7","나의 친구들","notion","#14살의존재","검토","",""
"8","호모 카르보","notion","#탄소발자국","검토","",""
"8","호모 카르보","notion","#호모카르보","검토","",""
"8","호모 카르보","notion","#기후위기","유지","",""
"8","호모 카르보","notion","#지속가능한사회","검토","",""
"9","눈물도감","notion","#눈물과감정","검토","",""
"9","눈물도감","notion","#자연과학어린이","검토","",""
"9","눈물도감","notion","#감정의미","검토","",""
"9","눈물도감","notion","#어린이문학","유지","",""
"9","눈물도감","notion","#눈물의과학","검토","",""
"10","로봇의 미래","notion","#인공지능","유지","",""
"10","로봇의 미래","notion","#로봇윤리","검토","",""
"10","로봇의 미래","notion","#AI의미래","검토","",""
"11","숲으로 출근합니다","notion","#숲과도시","검토","",""
"11","숲으로 출근합니다","notion","#자연과의교감","치환","#기후위기",""
"11","숲으로 출근합니다","notion","#환경과학","치환","#기후위기",""
"11","숲으로 출근합니다","notion","#도시인의여유","검토","",""
"12","제철의 셰프","notion","#문화와예술","유지","",""
"12","제철의 셰프","notion","#제철요리","검토","",""
"12","제철의 셰프","notion","#셰프의삶","검토","",""
"12","제철의 셰프","notion","#식문화","유지","",""
"12","제철의 셰프","notion","#계절과음식","검토","",""
"13","아버지 없는 세상의 아들들","notion","#아버지의부재","검토","",""
"13","아버지 없는 세상의 아들들","notion","#존재론적불안","검토","",""
"14","빛의 광장의 기록","notion","#촛불집회","검토","",""
"14","빛의 광장의 기록","notion","#광장의기록","검토","",""
"14","빛의 광장의 기록","notion","#민주주의","검토","",""
"14","빛의 광장의 기록","notion","#시민운동","검토","",""
"14","빛의 광장의 기록","notion","#역사와기록","유지","",""
"15","슬픈 호랑이","notion","#아동성폭력","검토","",""
"15","슬픈 호랑이","notion","#글쓰기의치유","검토","",""
"15","슬픈 호랑이","notion","#호랑이의슬픔","검토","",""
"15","슬픈 호랑이","notion","#피해자성찰","검토","",""
"15","슬픈 호랑이","notion","#정신적고통","검토","",""
"16","만국의 악당","notion","#해적의역사","검토","",""
"16","만국의 악당","notion","#국가와해방","검토","",""
"16","만국의 악당","notion","#대안적사회","검토","",""
"16","만국의 악당","notion","#탈권력","검토","",""
"16","만국의 악당","notion","#역사적반항","검토","",""
"17","아포칼립스","notion","#역사적종말","검토","",""
"17","아포칼립스","notion","#대유행","검토","",""
"17","아포칼립스","notion","#인류의위기","검토","",""
"18","아이들이 쉬는 숨","notion","#기후위기","유지","",""
"18","아이들이 쉬는 숨","notion","#아이들의건강","검토","",""
"18","아이들이 쉬는 숨","notion","#과학과미래","검토","",""
"18","아이들이 쉬는 숨","notion","#호흡기질환","검토","",""
"19","수상할 만큼 완벽한 결혼식","notion","#결혼의사회","검토","",""
"19","수상할 만큼 완벽한 결혼식","notion","#K웨딩","검토","",""
"19","수상할 만큼 완벽한 결혼식","notion","#정상성","검토","",""
"19","수상할 만큼 완벽한 결혼식","notion","#예비부부","검토","",""
"19","수상할 만큼 완벽한 결혼식","notion","#규격화된결혼","검토","",""
"20","늙지 않는 몸","notion","#노화방지","검토","",""
"20","늙지 않는 몸","notion","#생명과학","유지","",""
"20","늙지 않는 몸","notion","#건강기술","검토","",""
"20","늙지 않는 몸","notion","#체내기전","검토","",""
"20","늙지 않는 몸","notion","#수명연구","검토","",""
"21","교육은 유전을 이길 수 있는가","notion","#유전의시대","검토","",""
"21","교육은 유전을 이길 수 있는가","notion","#교육과사회","유지","",""
"21","교육은 유전을 이길 수 있는가","notion","#생물학적다양성","유지","",""
"21","교육은 유전을 이길 수 있는가","notion","#뇌과학과교육","검토","",""
"21","교육은 유전을 이길 수 있는가","notion","#진화론적고찰","검토","",""
"22","욕망의 음식","notion","#문화와예술","유지","",""
"22","욕망의 음식","notion","#침고이는이야기","검토","",""
"23","오버씽킹","notion","#오버씽킹","검토","",""
"23","오버씽킹","notion","#인지왜곡","검토","",""
"23","오버씽킹","notion","#비판적사고","유지","",""
"23","오버씽킹","notion","#심리적안전","검토","",""
"23","오버씽킹","notion","#자기조절","유지","",""
"24","엄마가 된 걸 후회한다고 말했다","notion","#엄마의후회","검토","",""
"24","엄마가 된 걸 후회한다고 말했다","notion","#출산후조현상","검토","",""
"24","엄마가 된 걸 후회한다고 말했다","notion","#여성","유지","",""
"24","엄마가 된 걸 후회한다고 말했다","notion","#가족관계","치환","#사회적관계",""
"24","엄마가 된 걸 후회한다고 말했다","notion","#양육의고민","검토","",""
"25","돈 주운 자의 최후","notion","#돈의가치","검토","",""
"25","돈 주운 자의 최후","notion","#탐욕과도덕","검토","",""
"25","돈 주운 자의 최후","notion","#잃어버린소중함","검토","",""
"25","돈 주운 자의 최후","notion","#인간의본성","검토","",""
"25","돈 주운 자의 최후","notion","#나눔과공감","검토","",""
"26","다정함의 배신","notion","#다정함의배신","검토","",""
"26","다정함의 배신","notion","#착취전략","검토","",""
"26","다정함의 배신","notion","#사회적관계","유지","",""
"26","다정함의 배신","notion","#사회심리학","검토","",""
"26","다정함의 배신","notion","#도덕의심리","검토","",""
"27","매일 아침 나는 텃밭에 간다","notion","#텃밭과일상","검토","",""
"27","매일 아침 나는 텃밭에 간다","notion","#농촌생활","검토","",""
"27","매일 아침 나는 텃밭에 간다","notion","#자연과의연결","검토","",""
"27","매일 아침 나는 텃밭에 간다","notion","#정체성탐구","유지","",""
"27","매일 아침 나는 텃밭에 간다","notion","#일상의의미","검토","",""
"28","F1 더 포뮬러","notion","#F1레이싱","검토","",""
"28","F1 더 포뮬러","notion","#자동차스포츠","검토","",""
"28","F1 더 포뮬러","notion","#기술과예술","검토","",""
"29","결혼 옵션 세대","notion","#청년세대","검토","",""
"29","결혼 옵션 세대","notion","#여성과결혼","검토","",""
"29","결혼 옵션 세대","notion","#결혼의변화","검토","",""
"29","결혼 옵션 세대","notion","#저출생문제","검토","",""
"29","결혼 옵션 세대","notion","#구조적문제","검토","",""
"30","과학하는 인간의 태도","notion","#과학자들의태도","검토","",""
"30","과학하는 인간의 태도","notion","#자연과학의기원","검토","",""
"30","과학하는 인간의 태도","notion","#과학적사고방식","검토","",""
"30","과학하는 인간의 태도","notion","#인간과과학","검토","",""
"30","과학하는 인간의 태도","notion","#과학적탐구","치환","#생명과학",""
"31","슬픔의 물리학","notion","#고통과공감","검토","",""
"31","슬픔의 물리학","notion","#삶의회복","유지","",""
"31","슬픔의 물리학","notion","#가족의상실","검토","",""
"31","슬픔의 물리학","notion","#문학적고찰","검토","",""
"31","슬픔의 물리학","notion","#소설","유지","",""
"32","여자, 기록을 가로채다","notion","#한국사속여성","검토","",""
"32","여자, 기록을 가로채다","notion","#기록의역학","검토","",""
"32","여자, 기록을 가로채다","notion","#여성의삶의기록","검토","",""
"32","여자, 기록을 가로채다","notion","#기생과여성","검토","",""
"32","여자, 기록을 가로채다","notion","#역사속주체적여성","검토","",""
"32","여자, 기록을 가로채다","notion","#역사와기록","유지","",""
"33","나라는 사람","notion","#국가와인간","검토","",""
"33","나라는 사람","notion","#국가와정체성","검토","",""
"33","나라는 사람","notion","#사회적고립","유지","",""
"33","나라는 사람","notion","#개인의삶","검토","",""
"33","나라는 사람","notion","#정체성위기","유지","",""
"34","남성 판타지","notion","#남성판타지","검토","",""
"34","남성 판타지","notion","#파시즘","검토","",""
"34","남성 판타지","notion","#심리적기원","검토","",""
"34","남성 판타지","notion","#역사적근원","검토","",""
"34","남성 판타지","notion","#정치적심리","검토","",""
"35","전범선의 한국사 테라피","notion","#한국사","유지","",""
"35","전범선의 한국사 테라피","notion","#전쟁과정치","검토","",""
"35","전범선의 한국사 테라피","notion","#역사의치유","검토","",""
"35","전범선의 한국사 테라피","notion","#증오와갈등","검토","",""
"36","꽃무늬 원피스를 입은 소년","notion","#소년의일상","검토","",""
"36","꽃무늬 원피스를 입은 소년","notion","#꽃무늬의미","검토","",""
"36","꽃무늬 원피스를 입은 소년","notion","#어린이문학","유지","",""
"36","꽃무늬 원피스를 입은 소년","notion","#감성적이야기","검토","",""
"36","꽃무늬 원피스를 입은 소년","notion","#평범함의예술","검토","",""
"37","약속의 세대","notion","#세대정치","검토","",""
"37","약속의 세대","notion","#믿음의문제","검토","",""
"37","약속의 세대","notion","#어른의예술","검토","",""
"37","약속의 세대","notion","#회복탄력성","유지","",""
"37","약속의 세대","notion","#자아성찰","검토","",""
"38","4·3, 아카이브로 본 역사","notion","#4·3사건","유지","",""
"38","4·3, 아카이브로 본 역사","notion","#역사와기록","유지","",""
"38","4·3, 아카이브로 본 역사","notion","#아카이브의역사","검토","",""
"38","4·3, 아카이브로 본 역사","notion","#민중투쟁","검토","",""
"38","4·3, 아카이브로 본 역사","notion","#역사학연구","검토","",""
"39","4·3, 기억의 폭풍 속으로","notion","#4·3사건","유지","",""
"39","4·3, 기억의 폭풍 속으로","notion","#역사적기억","검토","",""
"39","4·3, 기억의 폭풍 속으로","notion","#민중항쟁","검토","",""
"39","4·3, 기억의 폭풍 속으로","notion","#전라남도","검토","",""
"39","4·3, 기억의 폭풍 속으로","notion","#기억과정치","검토","",""
"40","이향인","notion","#현대인의불안","유지","",""
"40","이향인","notion","#상실이후의삶","유지","",""
"40","이향인","notion","#뇌와행동","유지","",""
"40","이향인","notion","#본성과자유의지","검토","",""
"40","이향인","notion","#경계에선사람들","검토","",""
"41","고규홍의 나무","notion","#생태시스템","유지","",""
"41","고규홍의 나무","notion","#자연과공존","치환","#기후위기",""
"41","고규홍의 나무","notion","#역사속일상","치환","#역사와기록",""
"41","고규홍의 나무","notion","#환경과미래","치환","#기후위기",""
"41","고규홍의 나무","notion","#나무","검토","",""
"42","이토록 멋진 한화이글스","notion","#한화이글스","검토","",""
"42","이토록 멋진 한화이글스","notion","#스포츠팬덤","검토","",""
"42","이토록 멋진 한화이글스","notion","#팬심과정신","검토","",""
"42","이토록 멋진 한화이글스","notion","#야구의사회학","검토","",""
"42","이토록 멋진 한화이글스","notion","#꼴찌팀의힘","검토","",""
"43","국가는 무엇으로 싸우는가","notion","#미국외교","유지","",""
"43","국가는 무엇으로 싸우는가","notion","#전쟁전략","검토","",""
"43","국가는 무엇으로 싸우는가","notion","#국가안보","유지","",""
"43","국가는 무엇으로 싸우는가","notion","#미중갈등","유지","",""
"43","국가는 무엇으로 싸우는가","notion","#국제질서","유지","",""
"44","자유와 평등","notion","#자유와평등","검토","",""
"44","자유와 평등","notion","#불평등의이유","검토","",""
"44","자유와 평등","notion","#사회정책","검토","",""
"44","자유와 평등","notion","#철학적사고","유지","",""
"44","자유와 평등","notion","#불평등사회","유지","",""
"45","대등생극론","notion","#대등생극","검토","",""
"45","대등생극론","notion","#철학","유지","",""
"45","대등생극론","notion","#인정의문제","검토","",""
"45","대등생극론","notion","#균형과조화","검토","",""
"46","할매 꽃바지","notion","#할머니와꽃","검토","",""
"46","할매 꽃바지","notion","#어린이문학","유지","",""
"46","할매 꽃바지","notion","#일상의소중함","유지","",""
"46","할매 꽃바지","notion","#가족의사랑","유지","",""
"46","할매 꽃바지","notion","#회상과기억","검토","",""
"47","인류학자처럼 생각하는 법","notion","#인류학적사고","검토","",""
"47","인류학자처럼 생각하는 법","notion","#문명과야만","검토","",""
"47","인류학자처럼 생각하는 법","notion","#전쟁이론","검토","",""
"47","인류학자처럼 생각하는 법","notion","#동서양비교","검토","",""
"47","인류학자처럼 생각하는 법","notion","#문화적갈등","검토","",""
"48","싫으니까 싫어","notion","#싫음의감정","검토","",""
"48","싫으니까 싫어","notion","#어린이문학","유지","",""
"48","싫으니까 싫어","notion","#감정표현","검토","",""
"48","싫으니까 싫어","notion","#사회적관계","유지","",""
"49","연민에 관하여","notion","#연민의가치","검토","",""
"49","연민에 관하여","notion","#인간의마음","검토","",""
"49","연민에 관하여","notion","#법과윤리","유지","",""
"49","연민에 관하여","notion","#판사의책임","검토","",""
"49","연민에 관하여","notion","#공감의미","검토","",""
"50","우리의 삶은 제조된다","notion","#제조된삶","검토","",""
"50","우리의 삶은 제조된다","notion","#공급망의역설","검토","",""
"50","우리의 삶은 제조된다","notion","#위기관리","검토","",""
"50","우리의 삶은 제조된다","notion","#대체망","검토","",""
"50","우리의 삶은 제조된다","notion","#사회시스템","검토","",""
"51","우리가 마지막 순간을 함께할 수 있을까","notion","#사회적관계","유지","",""
"51","우리가 마지막 순간을 함께할 수 있을까","notion","#성소수자","검토","",""
"51","우리가 마지막 순간을 함께할 수 있을까","notion","#퀴어","검토","",""
"51","우리가 마지막 순간을 함께할 수 있을까","notion","#돌봄과애도","검토","",""
"51","우리가 마지막 순간을 함께할 수 있을까","notion","#관계의다양성","유지","",""
"51","우리가 마지막 순간을 함께할 수 있을까","notion","#사회적안전망","유지","",""
"51","우리가 마지막 순간을 함께할 수 있을까","notion","#에세이","검토","",""
"52","무조건 항복 미술관","notion","#망명자","검토","",""
"52","무조건 항복 미술관","notion","#미술관","검토","",""
"52","무조건 항복 미술관","notion","#시간의흐름","유지","",""
"52","무조건 항복 미술관","notion","#인간의운명","검토","",""
"52","무조건 항복 미술관","notion","#반체제사회","검토","",""
"53","갈림길의 일본","notion","#다카이치현상","검토","",""
"53","갈림길의 일본","notion","#재일인","검토","",""
"53","갈림길의 일본","notion","#정체성","유지","",""
"53","갈림길의 일본","notion","#사회변화","유지","",""
"54","마리아 지뷜라 메리안","notion","#생태시스템","유지","",""
"54","마리아 지뷜라 메리안","notion","#자연과공존","치환","#기후위기",""
"54","마리아 지뷜라 메리안","notion","#환경과미래","치환","#기후위기",""
"54","마리아 지뷜라 메리안","notion","#뇌와행동","유지","",""
"54","마리아 지뷜라 메리안","notion","#마리아지뷜라메리안","검토","",""
"55","정전","notion","#문학의세계","검토","",""
"55","정전","notion","#인간의고독","유지","",""
"55","정전","notion","#예술과고통","검토","",""
"56","엄마와 딸들의 미친년의 역사","notion","#가족사","검토","",""
"56","엄마와 딸들의 미친년의 역사","notion","#슬픔과광기","검토","",""
"56","엄마와 딸들의 미친년의 역사","notion","#여성","유지","",""
"56","엄마와 딸들의 미친년의 역사","notion","#사회적관계","유지","",""
"57","그건 가스라이팅이 아니다","notion","#가스라이팅","검토","",""
"57","그건 가스라이팅이 아니다","notion","#심리적조작","검토","",""
"57","그건 가스라이팅이 아니다","notion","#관계의문제","검토","",""
"57","그건 가스라이팅이 아니다","notion","#사회적관계","유지","",""
"57","그건 가스라이팅이 아니다","notion","#심리학","유지","",""
"58","인생여전","notion","#노동의문제","검토","",""
"58","인생여전","notion","#생계와삶","검토","",""
"58","인생여전","notion","#불평등사회","유지","",""
"58","인생여전","notion","#사회적불평등","치환","#불평등사회",""
"58","인생여전","notion","#일과정체","검토","",""
"59","청바지","notion","#청바지","검토","",""
"59","청바지","notion","#산업과문화","검토","",""
"59","청바지","notion","#젠더정치","검토","",""
"59","청바지","notion","#노동의상징","검토","",""
"59","청바지","notion","#모순과저항","검토","",""
"60","모든 새를 보았다고 믿은 남자","notion","#조류학","검토","",""
"60","모든 새를 보았다고 믿은 남자","notion","#자연탐구","검토","",""
"60","모든 새를 보았다고 믿은 남자","notion","#탐험가","검토","",""
"60","모든 새를 보았다고 믿은 남자","notion","#과학사","검토","",""
"60","모든 새를 보았다고 믿은 남자","notion","#생태계","유지","",""
"61","극우의 시대","notion","#극우정치","유지","",""
"61","극우의 시대","notion","#미국정치","유지","",""
"61","극우의 시대","notion","#보수주의","검토","",""
"61","극우의 시대","notion","#정치적극화","검토","",""
"61","극우의 시대","notion","#공화당","검토","",""
"62","살면서 한번은 벽돌책","notion","#벽돌책","검토","",""
"62","살면서 한번은 벽돌책","notion","#독서경험","유지","",""
"62","살면서 한번은 벽돌책","notion","#학습방법","치환","#교육",""
"63","나는 커다란 나무였으나","notion","#어린이문학","유지","",""
"63","나는 커다란 나무였으나","notion","#요정과나무","검토","",""
"63","나는 커다란 나무였으나","notion","#자연과상상력","검토","",""
"63","나는 커다란 나무였으나","notion","#심리적성장","검토","",""
"63","나는 커다란 나무였으나","notion","#꿈과정체","검토","",""
"64","서양국제정치사상","notion","#서양국제정치사상","검토","",""
"64","서양국제정치사상","notion","#정치철학","검토","",""
"64","서양국제정치사상","notion","#제국주의","유지","",""
"64","서양국제정치사상","notion","#자유주의","검토","",""
"64","서양국제정치사상","notion","#국제관계","검토","",""
"65","세상에서 가장 예쁜 선물","notion","#엄마의선물","검토","",""
"65","세상에서 가장 예쁜 선물","notion","#어린이문학","유지","",""
"65","세상에서 가장 예쁜 선물","notion","#가족의사랑","유지","",""
"65","세상에서 가장 예쁜 선물","notion","#감성그림책","검토","",""
"65","세상에서 가장 예쁜 선물","notion","#생일의기쁨","검토","",""
"66","요즘 메인세대","notion","#MZ세대","유지","",""
"66","요즘 메인세대","notion","#세대갈등","유지","",""
"66","요즘 메인세대","notion","#사회변화","유지","",""
"66","요즘 메인세대","notion","#세대정체성","유지","",""
"66","요즘 메인세대","notion","#세대와경제","검토","",""
"67","한 사람에게","notion","#한사람에게","검토","",""
"67","한 사람에게","notion","#존재의의미","검토","",""
"67","한 사람에게","notion","#멸종위기","검토","",""
"67","한 사람에게","notion","#애도사","검토","",""
"67","한 사람에게","notion","#인간의고독","유지","",""
"68","마음의 주인은 언제나 나야","notion","#마음의주인","검토","",""
"68","마음의 주인은 언제나 나야","notion","#자아존중감","유지","",""
"68","마음의 주인은 언제나 나야","notion","#감정인식","검토","",""
"68","마음의 주인은 언제나 나야","notion","#성장과정","검토","",""
"68","마음의 주인은 언제나 나야","notion","#자기탐구","유지","",""
"69","게이트우드 할머니의 발자국","notion","#할머니의산책","검토","",""
"69","게이트우드 할머니의 발자국","notion","#삶의여정","검토","",""
"69","게이트우드 할머니의 발자국","notion","#노년의도전","검토","",""
"69","게이트우드 할머니의 발자국","notion","#자연과의교감","치환","#기후위기",""
"70","삶에게 웃으며 말 거는 법","notion","#삶의의미","유지","",""
"70","삶에게 웃으며 말 거는 법","notion","#긍정심리","검토","",""
"70","삶에게 웃으며 말 거는 법","notion","#유머와행복","검토","",""
"70","삶에게 웃으며 말 거는 법","notion","#마음가짐의중요성","검토","",""
"70","삶에게 웃으며 말 거는 법","notion","#철학적성찰","검토","",""
"71","환상 공화국의 카퍼레이드","notion","#카퍼레이드","검토","",""
"71","환상 공화국의 카퍼레이드","notion","#공화국","검토","",""
"71","환상 공화국의 카퍼레이드","notion","#열망과과시","검토","",""
"71","환상 공화국의 카퍼레이드","notion","#역사적행위","검토","",""
"71","환상 공화국의 카퍼레이드","notion","#사회문화비판","검토","",""
"71","환상 공화국의 카퍼레이드","notion","#문화비평","유지","",""
"72","조선의 싱어송라이터","notion","#조선시대음악","검토","",""
"72","조선의 싱어송라이터","notion","#역사속예술가","검토","",""
"72","조선의 싱어송라이터","notion","#음악과문학","검토","",""
"72","조선의 싱어송라이터","notion","#문화와예술","유지","",""
"73","뉘른베르크, 나치와 정신과 의사","notion","#나치즘","검토","",""
"73","뉘른베르크, 나치와 정신과 의사","notion","#정신과역사","검토","",""
"73","뉘른베르크, 나치와 정신과 의사","notion","#뉘른베르크재판","검토","",""
"73","뉘른베르크, 나치와 정신과 의사","notion","#악의학습","검토","",""
"73","뉘른베르크, 나치와 정신과 의사","notion","#파시즘의진화","검토","",""
"74","랜드 파워","notion","#땅의불평등","검토","",""
"74","랜드 파워","notion","#토지개혁","검토","",""
"74","랜드 파워","notion","#자본주의와땅","검토","",""
"74","랜드 파워","notion","#권력과토지","검토","",""
"74","랜드 파워","notion","#계몽주의","검토","",""
"75","기독교 - 이슬람 전쟁사","notion","#기독교역사","검토","",""
"75","기독교 - 이슬람 전쟁사","notion","#이슬람전쟁사","검토","",""
"75","기독교 - 이슬람 전쟁사","notion","#종교전쟁","검토","",""
"75","기독교 - 이슬람 전쟁사","notion","#종교전쟁사본류","검토","",""
"76","반대편 사람 주의","notion","#우울증","검토","",""
"76","반대편 사람 주의","notion","#사회적관계","유지","",""
"76","반대편 사람 주의","notion","#삶의회복","유지","",""
"76","반대편 사람 주의","notion","#마음의고통","검토","",""
"76","반대편 사람 주의","notion","#소설","유지","",""
"77","로봇, 그리고 로봇을 사랑하는 사람들","notion","#로봇과인간","검토","",""
"77","로봇, 그리고 로봇을 사랑하는 사람들","notion","#인간과AI","검토","",""
"77","로봇, 그리고 로봇을 사랑하는 사람들","notion","#로봇과인간의관계","검토","",""
"77","로봇, 그리고 로봇을 사랑하는 사람들","notion","#소셜로봇","검토","",""
"77","로봇, 그리고 로봇을 사랑하는 사람들","notion","#인공지능","유지","",""
"78","밥 짓는 여자들","notion","#급식노동자","검토","",""
"78","밥 짓는 여자들","notion","#차별과사회","검토","",""
"78","밥 짓는 여자들","notion","#여성의노동","검토","",""
"78","밥 짓는 여자들","notion","#식량문제","검토","",""
"78","밥 짓는 여자들","notion","#불평등사회","유지","",""
"79","메일맨","notion","#우편배달","검토","",""
"79","메일맨","notion","#산골생활","검토","",""
"79","메일맨","notion","#육체노동","검토","",""
"79","메일맨","notion","#새로운삶","검토","",""
"79","메일맨","notion","#행복의탐구","검토","",""
"80","이도영, 한국 근대미술의 설계자","notion","#한국근대미술","검토","",""
"80","이도영, 한국 근대미술의 설계자","notion","#이도영","검토","",""
"80","이도영, 한국 근대미술의 설계자","notion","#미술사","유지","",""
"80","이도영, 한국 근대미술의 설계자","notion","#설계자","검토","",""
"81","네가 찾아올 때까지","notion","#네온사인","검토","",""
"81","네가 찾아올 때까지","notion","#어린이의마음","검토","",""
"81","네가 찾아올 때까지","notion","#상실과애착","검토","",""
"81","네가 찾아올 때까지","notion","#성장과탐색","검토","",""
"81","네가 찾아올 때까지","notion","#감성적교감","유지","",""
"82","젠더의 경계를 넘는 아이들","notion","#젠더의경계","검토","",""
"82","젠더의 경계를 넘는 아이들","notion","#아이들의발달","검토","",""
"82","젠더의 경계를 넘는 아이들","notion","#성별불규칙","검토","",""
"82","젠더의 경계를 넘는 아이들","notion","#젠더다양성","유지","",""
"82","젠더의 경계를 넘는 아이들","notion","#젠더정의","검토","",""
"83","칭기스 칸에서 티무르까지","notion","#몽골제국","유지","",""
"83","칭기스 칸에서 티무르까지","notion","#티무르왕조","검토","",""
"83","칭기스 칸에서 티무르까지","notion","#이슬람세계","검토","",""
"83","칭기스 칸에서 티무르까지","notion","#중세시대","유지","",""
"83","칭기스 칸에서 티무르까지","notion","#황금유령","검토","",""
"84","언제나 개나리","notion","#개나리","검토","",""
"84","언제나 개나리","notion","#자연과공존","치환","#기후위기",""
"84","언제나 개나리","notion","#생태시스템","유지","",""
"84","언제나 개나리","notion","#봄의상징","검토","",""
"84","언제나 개나리","notion","#어린이그림","검토","",""
"85","잠과 영혼","notion","#SF소설","유지","",""
"85","잠과 영혼","notion","#로봇과영혼","검토","",""
"85","잠과 영혼","notion","#복제인간","검토","",""
"85","잠과 영혼","notion","#정체성","유지","",""
"85","잠과 영혼","notion","#인공지능","유지","",""
"86","괴테의 인생 강의","notion","#인생의철학","검토","",""
"86","괴테의 인생 강의","notion","#번아웃","검토","",""
"86","괴테의 인생 강의","notion","#자기성찰","유지","",""
"86","괴테의 인생 강의","notion","#로마와인생","검토","",""
"87","로저 프라이","notion","#로저프라이","검토","",""
"87","로저 프라이","notion","#현대미술이론","검토","",""
"87","로저 프라이","notion","#미술비평","유지","",""
"87","로저 프라이","notion","#예술가의시선","검토","",""
"88","고백 보험을 해지합니다","notion","#인공지능","유지","",""
"88","고백 보험을 해지합니다","notion","#청소년","유지","",""
"88","고백 보험을 해지합니다","notion","#고백보험","검토","",""
"88","고백 보험을 해지합니다","notion","#청소년소설","검토","",""
"88","고백 보험을 해지합니다","notion","#SF소설","유지","",""
"88","고백 보험을 해지합니다","notion","#문학","검토","",""
"89","언어는 어떻게 인간을 바꾸는가","notion","#언어와인간관계","검토","",""
"89","언어는 어떻게 인간을 바꾸는가","notion","#언어와심리","검토","",""
"89","언어는 어떻게 인간을 바꾸는가","notion","#의사소통과윤리","검토","",""
"89","언어는 어떻게 인간을 바꾸는가","notion","#언어의사회영향","검토","",""
"90","할머니, 개, 그리고 죽도록 쓰기","notion","#할머니와글쓰기","검토","",""
"90","할머니, 개, 그리고 죽도록 쓰기","notion","#죽도록쓰기","검토","",""
"90","할머니, 개, 그리고 죽도록 쓰기","notion","#개와인생","검토","",""
"90","할머니, 개, 그리고 죽도록 쓰기","notion","#문학적자서전","검토","",""
"90","할머니, 개, 그리고 죽도록 쓰기","notion","#기억과상실","유지","",""
"91","자연은 성을 둘로 나누지 않는다","notion","#생물학적다양성","유지","",""
"91","자연은 성을 둘로 나누지 않는다","notion","#정상성과폭력","검토","",""
"91","자연은 성을 둘로 나누지 않는다","notion","#젠더와이론","검토","",""
"91","자연은 성을 둘로 나누지 않는다","notion","#자아성찰과회복","검토","",""
"91","자연은 성을 둘로 나누지 않는다","notion","#비판적사유","검토","",""
"92","발해 로드","notion","#고구려역사","검토","",""
"92","발해 로드","notion","#대륙교류","검토","",""
"92","발해 로드","notion","#해양제국","검토","",""
"92","발해 로드","notion","#발해역사","유지","",""
"92","발해 로드","notion","#한국고대역사","검토","",""
"93","박정희 이데올로기","notion","#박정희","검토","",""
"93","박정희 이데올로기","notion","#이데올로기","검토","",""
"93","박정희 이데올로기","notion","#한국역사","검토","",""
"93","박정희 이데올로기","notion","#정치이념","검토","",""
"94","영화의 언어","notion","#영화의언어","검토","",""
"94","영화의 언어","notion","#미학적분석","검토","",""
"94","영화의 언어","notion","#영화제작기술","검토","",""
"94","영화의 언어","notion","#영화와예술","유지","",""
"95","전쟁 충동","notion","#전쟁심리","검토","",""
"95","전쟁 충동","notion","#인간본성과폭력","검토","",""
"95","전쟁 충동","notion","#유전적충동","검토","",""
"95","전쟁 충동","notion","#대량학살의기원","검토","",""
"95","전쟁 충동","notion","#전쟁의사회학적원인","유지","",""
"96","노바디스 걸","notion","#엡스타인스캔들","검토","",""
"96","노바디스 걸","notion","#피해자경험","검토","",""
"96","노바디스 걸","notion","#성폭력과사회","검토","",""
"96","노바디스 걸","notion","#권력남용","검토","",""
"96","노바디스 걸","notion","#정신적외상","검토","",""
"97","조각나고 찢긴,","notion","#가부장제","유지","",""
"97","조각나고 찢긴,","notion","#메두사","검토","",""
"97","조각나고 찢긴,","notion","#뱀파이어","검토","",""
"97","조각나고 찢긴,","notion","#여성해방","검토","",""
"98","왜 극우는 기후위기를 부정하는가","notion","#극우주의","검토","",""
"98","왜 극우는 기후위기를 부정하는가","notion","#기후위기","유지","",""
"98","왜 극우는 기후위기를 부정하는가","notion","#정치적편향","검토","",""
"98","왜 극우는 기후위기를 부정하는가","notion","#성장경제","검토","",""
"98","왜 극우는 기후위기를 부정하는가","notion","#환경정책","검토","",""
"99","바로크의 로마","notion","#바로크예술","검토","",""
"99","바로크의 로마","notion","#로마역사","검토","",""
"99","바로크의 로마","notion","#예술과종교","검토","",""
"99","바로크의 로마","notion","#17세기미술","검토","",""
"99","바로크의 로마","notion","#문화와예술","유지","",""
"100","근접한 세계","notion","#윤리적딜레마","검토","",""
"100","근접한 세계","notion","#한국사회","검토","",""
"100","근접한 세계","notion","#일본사회","검토","",""
"100","근접한 세계","notion","#서구문학","검토","",""
"100","근접한 세계","notion","#사회적관계","유지","",""
"101","만약 세상에서 까마귀가 사라진다면","notion","#까마귀","검토","",""
"101","만약 세상에서 까마귀가 사라진다면","notion","#생태계","유지","",""
"101","만약 세상에서 까마귀가 사라진다면","notion","#생태계파괴","유지","",""
"101","만약 세상에서 까마귀가 사라진다면","notion","#기후위기","유지","",""
"101","만약 세상에서 까마귀가 사라진다면","notion","#생명존중","검토","",""
"102","건강 구독 사회","notion","#건강구독사회","검토","",""
"102","건강 구독 사회","notion","#항산화디톡스","검토","",""
"102","건강 구독 사회","notion","#영양제섭취","검토","",""
"102","건강 구독 사회","notion","#건강관리루틴","검토","",""
"102","건강 구독 사회","notion","#기술과건강","검토","",""
"103","좋은 삶을 위해 죽음을 묻다","notion","#죽음과삶","검토","",""
"103","좋은 삶을 위해 죽음을 묻다","notion","#철학적사고","유지","",""
"103","좋은 삶을 위해 죽음을 묻다","notion","#삶의의미","유지","",""
"103","좋은 삶을 위해 죽음을 묻다","notion","#죽음에대한관념","검토","",""
"103","좋은 삶을 위해 죽음을 묻다","notion","#인생의방향","유지","",""
"104","삶의 끝에서 만난 수업","notion","#삶의의미","유지","",""
"104","삶의 끝에서 만난 수업","notion","#죽음과철학","검토","",""
"104","삶의 끝에서 만난 수업","notion","#실존적고민","검토","",""
"104","삶의 끝에서 만난 수업","notion","#해체주의사상","검토","",""
"104","삶의 끝에서 만난 수업","notion","#변증법적성찰","검토","",""
"105","안데르센의 마지막 선물","notion","#안데르센동화","검토","",""
"105","안데르센의 마지막 선물","notion","#19세기유럽","검토","",""
"105","안데르센의 마지막 선물","notion","#어린이문학","유지","",""
"105","안데르센의 마지막 선물","notion","#마법과상상력","검토","",""
"105","안데르센의 마지막 선물","notion","#기억과선물","검토","",""
"106","전업자녀","notion","#전업자녀","검토","",""
"106","전업자녀","notion","#가족경제","검토","",""
"106","전업자녀","notion","#세대갈등","유지","",""
"106","전업자녀","notion","#사회경제적불평등","검토","",""
"106","전업자녀","notion","#미래의삶","검토","",""
"107","친절한 땅콩 호텔","notion","#사회적관계","유지","",""
"107","친절한 땅콩 호텔","notion","#호텔의일상","검토","",""
"107","친절한 땅콩 호텔","notion","#자녀와의소통","검토","",""
"107","친절한 땅콩 호텔","notion","#감성적교감","유지","",""
"107","친절한 땅콩 호텔","notion","#어린이문학","유지","",""
"108","소유하기, 소유되기","notion","#소유와노예","검토","",""
"108","소유하기, 소유되기","notion","#현대사회와소유","검토","",""
"108","소유하기, 소유되기","notion","#율라비스작품","검토","",""
"108","소유하기, 소유되기","notion","#김명남옮김","검토","",""
"108","소유하기, 소유되기","notion","#물물교환의미","검토","",""
"109","패티(Patti)","notion","#개인주의","검토","",""
"109","패티(Patti)","notion","#미국사회","유지","",""
"109","패티(Patti)","notion","#여성예술가","검토","",""
"109","패티(Patti)","notion","#자기성찰","유지","",""
"109","패티(Patti)","notion","#문화와예술","유지","",""
"110","언어의 본질","notion","#언어의본질","유지","",""
"110","언어의 본질","notion","#언어철학","치환","#철학",""
"110","언어의 본질","notion","#의식과언어","검토","",""
"110","언어의 본질","notion","#의미와표상","검토","",""
"110","언어의 본질","notion","#언어의사회적기능","검토","",""
"111","마나의 편지","notion","#마나의편지","검토","",""
"111","마나의 편지","notion","#어린이문학","유지","",""
"111","마나의 편지","notion","#사계절이야기","검토","",""
"111","마나의 편지","notion","#복숭아친구들","검토","",""
"111","마나의 편지","notion","#달콤한상상","검토","",""
"112","한용운·신채호","notion","#한용운신채호","검토","",""
"112","한용운·신채호","notion","#위기사상","검토","",""
"112","한용운·신채호","notion","#전지구적위기","검토","",""
"112","한용운·신채호","notion","#역사적사상","유지","",""
"113","나는 이완용의 글씨가 궁금했다","notion","#이완용","검토","",""
"113","나는 이완용의 글씨가 궁금했다","notion","#한글서예","검토","",""
"113","나는 이완용의 글씨가 궁금했다","notion","#일본과의교류","검토","",""
"113","나는 이완용의 글씨가 궁금했다","notion","#역사적인글씨","검토","",""
"113","나는 이완용의 글씨가 궁금했다","notion","#민족정체성","유지","",""
"114","구름 사람들","notion","#구름사람들","검토","",""
"114","구름 사람들","notion","#빈민가","검토","",""
"114","구름 사람들","notion","#가난의상상","검토","",""
"114","구름 사람들","notion","#불평등사회","유지","",""
"114","구름 사람들","notion","#문학작품","검토","",""
"115","월급 받으려다 죽다","notion","#월급쟁이의고통","검토","",""
"115","월급 받으려다 죽다","notion","#일터의문제","검토","",""
"115","월급 받으려다 죽다","notion","#심리적고립","검토","",""
"115","월급 받으려다 죽다","notion","#노동과정신","검토","",""
"115","월급 받으려다 죽다","notion","#기업문화비판","검토","",""
"116","맹세를 깬 자들","notion","#중세역사","검토","",""
"116","맹세를 깬 자들","notion","#배반의역사","검토","",""
"116","맹세를 깬 자들","notion","#유럽의기원","검토","",""
"116","맹세를 깬 자들","notion","#경계의역사","검토","",""
"116","맹세를 깬 자들","notion","#역사의재해석","검토","",""
"117","식물성 도시 피토폴리스","notion","#식물성도시","검토","",""
"117","식물성 도시 피토폴리스","notion","#피토폴리스","검토","",""
"117","식물성 도시 피토폴리스","notion","#생태건축","검토","",""
"117","식물성 도시 피토폴리스","notion","#미래도시","검토","",""
"117","식물성 도시 피토폴리스","notion","#환경기술","검토","",""
"118","쇳돌","notion","#광산노동자","검토","",""
"118","쇳돌","notion","#잊힌삶","검토","",""
"118","쇳돌","notion","#노동과사회","검토","",""
"118","쇳돌","notion","#산업과인간","검토","",""
"118","쇳돌","notion","#생명의정당","검토","",""
"119","미국은 왜 전쟁을 멈추지 못하는가","notion","#미국외교","유지","",""
"119","미국은 왜 전쟁을 멈추지 못하는가","notion","#군산복합체","검토","",""
"119","미국은 왜 전쟁을 멈추지 못하는가","notion","#방산로비","검토","",""
"119","미국은 왜 전쟁을 멈추지 못하는가","notion","#국제안보","유지","",""
"119","미국은 왜 전쟁을 멈추지 못하는가","notion","#911테러","검토","",""
"119","미국은 왜 전쟁을 멈추지 못하는가","notion","#국제질서","유지","",""
"120","서방의 패배","notion","#서구사회","검토","",""
"120","서방의 패배","notion","#패배의이유","검토","",""
"120","서방의 패배","notion","#정치적경제사","검토","",""
"120","서방의 패배","notion","#도구적분석","검토","",""
"120","서방의 패배","notion","#지능과전쟁","검토","",""
"121","서랍 정리하는 날","notion","#추억의물건","검토","",""
"121","서랍 정리하는 날","notion","#어린이문학","유지","",""
"121","서랍 정리하는 날","notion","#일상의소중함","유지","",""
"121","서랍 정리하는 날","notion","#그림책","검토","",""
"121","서랍 정리하는 날","notion","#기억과정렬","검토","",""
"122","AI 제국: 권력, 자본, 노동","notion","#AI제국","유지","",""
"122","AI 제국: 권력, 자본, 노동","notion","#AI비판","유지","",""
"122","AI 제국: 권력, 자본, 노동","notion","#권력과자본","검토","",""
"122","AI 제국: 권력, 자본, 노동","notion","#빅테크의횡포","유지","",""
"122","AI 제국: 권력, 자본, 노동","notion","#기술패권","유지","",""
"123","커다란 트럭에 이삿짐을 가득 실어요","notion","#이삿짐","검토","",""
"123","커다란 트럭에 이삿짐을 가득 실어요","notion","#어린이문학","유지","",""
"123","커다란 트럭에 이삿짐을 가득 실어요","notion","#일상의행복","유지","",""
"123","커다란 트럭에 이삿짐을 가득 실어요","notion","#텃밭과빵","검토","",""
"124","공원의 탄생","notion","#센트럴파크","검토","",""
"124","공원의 탄생","notion","#도시계획","검토","",""
"124","공원의 탄생","notion","#자연과도시","검토","",""
"125","포식자들의 시간","notion","#인공지능","유지","",""
"125","포식자들의 시간","notion","#AI권력","유지","",""
"125","포식자들의 시간","notion","#정치적포식자","검토","",""
"125","포식자들의 시간","notion","#기술패권과정치","유지","",""
"125","포식자들의 시간","notion","#빅테크비판","유지","",""
"125","포식자들의 시간","notion","#극우정치","유지","",""
"126","고조리서에서 찾은 주안상","notion","#고조리서","검토","",""
"126","고조리서에서 찾은 주안상","notion","#주안상","검토","",""
"126","고조리서에서 찾은 주안상","notion","#정월보름음식","검토","",""
"126","고조리서에서 찾은 주안상","notion","#한국의음식문화","검토","",""
"126","고조리서에서 찾은 주안상","notion","#역사속식생활","검토","",""
"127","중요한 몸","notion","#몸의철학","검토","",""
"127","중요한 몸","notion","#생물학적존재","검토","",""
"127","중요한 몸","notion","#정체성탐구","유지","",""
"127","중요한 몸","notion","#신체경험","검토","",""
"128","야만 시대의 귀환","notion","#야만시대","검토","",""
"128","야만 시대의 귀환","notion","#미국패권","검토","",""
"128","야만 시대의 귀환","notion","#정치적퇴행","검토","",""
"128","야만 시대의 귀환","notion","#사회불안","검토","",""
"128","야만 시대의 귀환","notion","#국제질서","유지","",""
"129","끔찍한 샐러드","notion","#유머와반전","검토","",""
"129","끔찍한 샐러드","notion","#대중문화의변주","검토","",""
"129","끔찍한 샐러드","notion","#일상의재발견","검토","",""
"129","끔찍한 샐러드","notion","#상상력","유지","",""
"129","끔찍한 샐러드","notion","#식문화와삶","검토","",""
"130","제국의 오케스트라","notion","#제국주의","유지","",""
"130","제국의 오케스트라","notion","#음악과정치","검토","",""
"130","제국의 오케스트라","notion","#역사적필하모닉","검토","",""
"130","제국의 오케스트라","notion","#권력의공생","검토","",""
"130","제국의 오케스트라","notion","#문화유산과갈등","검토","",""
"131","마지막 홍콩배우 양조위","notion","#양조위","검토","",""
"131","마지막 홍콩배우 양조위","notion","#홍콩영화","검토","",""
"131","마지막 홍콩배우 양조위","notion","#영화의인문학","검토","",""
"131","마지막 홍콩배우 양조위","notion","#한국예술","검토","",""
"131","마지막 홍콩배우 양조위","notion","#배우의삶","유지","",""
"132","너무 희미한 존재들","notion","#성장강요","검토","",""
"132","너무 희미한 존재들","notion","#은둔청년","검토","",""
"132","너무 희미한 존재들","notion","#사회적고립","유지","",""
"132","너무 희미한 존재들","notion","#세대갈등","유지","",""
"132","너무 희미한 존재들","notion","#사회적안전망","유지","",""
"133","어번던스","notion","#경쟁과불평등","검토","",""
"133","어번던스","notion","#미국사회의쇠퇴","검토","",""
"133","어번던스","notion","#정치사회재건","검토","",""
"133","어번던스","notion","#대안적삶","검토","",""
"134","고서의 은밀한 매력","notion","#고서의매력","검토","",""
"134","고서의 은밀한 매력","notion","#역사적가치","검토","",""
"134","고서의 은밀한 매력","notion","#고서의보존","검토","",""
"134","고서의 은밀한 매력","notion","#책과문화","검토","",""
"134","고서의 은밀한 매력","notion","#문헌연구","검토","",""
"135","공중의 복화술","notion","#시의언어","검토","",""
"135","공중의 복화술","notion","#김혜순작가","검토","",""
"135","공중의 복화술","notion","#시학의탐구","검토","",""
"135","공중의 복화술","notion","#작가의윤리","검토","",""
"135","공중의 복화술","notion","#죽음의시인","검토","",""
"136","조선의 대학로","notion","#조선시대교육","유지","",""
"136","조선의 대학로","notion","#성균관유생","검토","",""
"136","조선의 대학로","notion","#시험제도","검토","",""
"136","조선의 대학로","notion","#학문사회","검토","",""
"137","내 작은 숲속 오두막으로","notion","#오두막","검토","",""
"137","내 작은 숲속 오두막으로","notion","#은둔생활","검토","",""
"137","내 작은 숲속 오두막으로","notion","#자기성찰","유지","",""
"137","내 작은 숲속 오두막으로","notion","#삶의방향","검토","",""
"137","내 작은 숲속 오두막으로","notion","#고요한삶","검토","",""
"138","제발 넘기지 마!","notion","#미안함의상처","검토","",""
"138","제발 넘기지 마!","notion","#자존감","검토","",""
"138","제발 넘기지 마!","notion","#청소년","유지","",""
"138","제발 넘기지 마!","notion","#관계의힘","검토","",""
"139","미국주식 슈퍼 2등 전쟁","notion","#미국주식시장","검토","",""
"139","미국주식 슈퍼 2등 전쟁","notion","#주식투자전략","검토","",""
"139","미국주식 슈퍼 2등 전쟁","notion","#엔비디아","검토","",""
"139","미국주식 슈퍼 2등 전쟁","notion","#2등기업","검토","",""
"139","미국주식 슈퍼 2등 전쟁","notion","#주식슈퍼전쟁","검토","",""
"140","재미의 조건","notion","#영화의조건","검토","",""
"140","재미의 조건","notion","#류승완의작품","검토","",""
"140","재미의 조건","notion","#스크린의인문학","검토","",""
"140","재미의 조건","notion","#창작의욕망","검토","",""
"140","재미의 조건","notion","#예술가세계","검토","",""
"141","눈에 보이지 않는 전쟁과 돈의 역사","notion","#전쟁과돈","검토","",""
"141","눈에 보이지 않는 전쟁과 돈의 역사","notion","#돈의흐름","검토","",""
"141","눈에 보이지 않는 전쟁과 돈의 역사","notion","#폭력과전쟁","검토","",""
"141","눈에 보이지 않는 전쟁과 돈의 역사","notion","#전쟁의역사","검토","",""
"141","눈에 보이지 않는 전쟁과 돈의 역사","notion","#돈의역사","검토","",""
"141","눈에 보이지 않는 전쟁과 돈의 역사","notion","#국제질서","유지","",""
"142","상실","notion","#상실의식","검토","",""
"142","상실","notion","#인간의고독","유지","",""
"142","상실","notion","#현대인의불안","유지","",""
"142","상실","notion","#일상의상처","검토","",""
"142","상실","notion","#기억과상실","유지","",""
"143","언보틀드","notion","#수돗물불신","검토","",""
"143","언보틀드","notion","#생수산업","검토","",""
"143","언보틀드","notion","#물파산","검토","",""
"143","언보틀드","notion","#부의불평등","검토","",""
"143","언보틀드","notion","#소비자의윤리","검토","",""
"144","그때 그게 거기 있었어","notion","#일상의모순","검토","",""
"144","그때 그게 거기 있었어","notion","#낯선마음","검토","",""
"144","그때 그게 거기 있었어","notion","#어린이문학","유지","",""
"144","그때 그게 거기 있었어","notion","#현대인의불안","유지","",""
"144","그때 그게 거기 있었어","notion","#상실과회복","유지","",""
"145","나무주연상","notion","#나무의성장","검토","",""
"145","나무주연상","notion","#어린이문학","유지","",""
"145","나무주연상","notion","#가정의소중함","검토","",""
"145","나무주연상","notion","#자연과교감","검토","",""
"146","오종찬 기자의 Oh! 컷","notion","#사진의인문학","유지","",""
"146","오종찬 기자의 Oh! 컷","notion","#문화와예술","유지","",""
"146","오종찬 기자의 Oh! 컷","notion","#20년차기자","검토","",""
"146","오종찬 기자의 Oh! 컷","notion","#빛나는순간","검토","",""
"147","보이지 않는 코끼리","notion","#보이지않는코끼리","검토","",""
"147","보이지 않는 코끼리","notion","#기억과정체","검토","",""
"147","보이지 않는 코끼리","notion","#예술과자아","검토","",""
"147","보이지 않는 코끼리","notion","#몽환적인문학","검토","",""
"148","미국의 우생학","notion","#우생학","검토","",""
"148","미국의 우생학","notion","#미국사회","유지","",""
"148","미국의 우생학","notion","#이민정책","검토","",""
"148","미국의 우생학","notion","#복지정책","검토","",""
"148","미국의 우생학","notion","#과학과정치","검토","",""
"149","겸재 정선","notion","#겸재정선","검토","",""
"149","겸재 정선","notion","#한국화","검토","",""
"149","겸재 정선","notion","#미술사비평","검토","",""
"149","겸재 정선","notion","#고전미술","검토","",""
"150","목수의 연장","notion","#현장과삶","검토","",""
"150","목수의 연장","notion","#기술과학","검토","",""
"150","목수의 연장","notion","#30년","검토","",""
"151","쾌적한 사회의 불쾌함","notion","#쾌적한사회","검토","",""
"151","쾌적한 사회의 불쾌함","notion","#불쾌한경험","검토","",""
"151","쾌적한 사회의 불쾌함","notion","#병든사회","검토","",""
"151","쾌적한 사회의 불쾌함","notion","#불평등사회","유지","",""
"151","쾌적한 사회의 불쾌함","notion","#건강과사회","검토","",""
"152","인터메초","notion","#현대인의불안","유지","",""
"152","인터메초","notion","#형제관계","검토","",""
"152","인터메초","notion","#사회적관계","유지","",""
"152","인터메초","notion","#상실이후의삶","유지","",""
"152","인터메초","notion","#변화와회복","검토","",""
"152","인터메초","notion","#소설","유지","",""
"153","셔터우의 세 자매","notion","#중국문학","검토","",""
"153","셔터우의 세 자매","notion","#세자매","검토","",""
"153","셔터우의 세 자매","notion","#가족드라마","검토","",""
"153","셔터우의 세 자매","notion","#역사적배경","검토","",""
"153","셔터우의 세 자매","notion","#사회비판","검토","",""
"153","셔터우의 세 자매","notion","#소설","유지","",""
"154","불필요한 여자","notion","#여성의일생","검토","",""
"154","불필요한 여자","notion","#전쟁과일상","검토","",""
"154","불필요한 여자","notion","#중동배경","검토","",""
"155","콘서트홀×오케스트라","notion","#콘서트홀","검토","",""
"155","콘서트홀×오케스트라","notion","#오케스트라","검토","",""
"155","콘서트홀×오케스트라","notion","#음악의미학","유지","",""
"155","콘서트홀×오케스트라","notion","#악기와연주","검토","",""
"155","콘서트홀×오케스트라","notion","#음악가의삶","검토","",""
"156","일곱 괴물이 사는 마음","notion","#뇌와행동","유지","",""
"156","일곱 괴물이 사는 마음","notion","#분노와죄","검토","",""
"156","일곱 괴물이 사는 마음","notion","#심리적고통","검토","",""
"156","일곱 괴물이 사는 마음","notion","#생물학적원인","검토","",""
"156","일곱 괴물이 사는 마음","notion","#감정의학","검토","",""
"157","허균의 맛","notion","#조선시대음식","검토","",""
"157","허균의 맛","notion","#역사속식문학","검토","",""
"157","허균의 맛","notion","#문화와예술","유지","",""
"157","허균의 맛","notion","#방풍죽","검토","",""
"158","브레이크넥","notion","#미국사회","유지","",""
"158","브레이크넥","notion","#중국경제","검토","",""
"158","브레이크넥","notion","#시스템충돌","검토","",""
"158","브레이크넥","notion","#변호사의나라","검토","",""
"158","브레이크넥","notion","#엔지니어의나라","검토","",""
"158","브레이크넥","notion","#미중갈등","유지","",""
"158","브레이크넥","notion","#국제질서","유지","",""
"159","트레이딩 게임","notion","#금융시장","검토","",""
"159","트레이딩 게임","notion","#트레이딩","검토","",""
"159","트레이딩 게임","notion","#부의모순","검토","",""
"159","트레이딩 게임","notion","#머니게임","검토","",""
"159","트레이딩 게임","notion","#투자전략","검토","",""
"160","필연적 혼자의 시대","notion","#1인가구","유지","",""
"160","필연적 혼자의 시대","notion","#신자유주의시스템","검토","",""
"160","필연적 혼자의 시대","notion","#사회적고립감","검토","",""
"160","필연적 혼자의 시대","notion","#사회적안전망","유지","",""
"160","필연적 혼자의 시대","notion","#공간과삶","검토","",""
"161","떠난 것은 돌아오지 않는다","notion","#기억과상실","유지","",""
"161","떠난 것은 돌아오지 않는다","notion","#삶의의미","유지","",""
"161","떠난 것은 돌아오지 않는다","notion","#작별과작별","검토","",""
"161","떠난 것은 돌아오지 않는다","notion","#현대인의고독","유지","",""
"161","떠난 것은 돌아오지 않는다","notion","#정신적여정","검토","",""
"162","뇌는 어떻게 변화를 거부하는가","notion","#뇌과학","유지","",""
"162","뇌는 어떻게 변화를 거부하는가","notion","#인지행동","검토","",""
"162","뇌는 어떻게 변화를 거부하는가","notion","#변화저항","검토","",""
"162","뇌는 어떻게 변화를 거부하는가","notion","#심리적장벽","검토","",""
"162","뇌는 어떻게 변화를 거부하는가","notion","#자기조절","유지","",""
"163","얼굴 만들기","notion","#성형기술의역사","검토","",""
"163","얼굴 만들기","notion","#성형수술","검토","",""
"163","얼굴 만들기","notion","#몸과사회","검토","",""
"163","얼굴 만들기","notion","#얼굴되찾기","검토","",""
"163","얼굴 만들기","notion","#성형의역사","검토","",""
"164","천문대에 피아노가 떨어졌다","notion","#천문학","검토","",""
"164","천문대에 피아노가 떨어졌다","notion","#문화와예술","유지","",""
"164","천문대에 피아노가 떨어졌다","notion","#상상력","유지","",""
"164","천문대에 피아노가 떨어졌다","notion","#경계의미학","검토","",""
"165","우주농업","notion","#우주농업","검토","",""
"165","우주농업","notion","#화성농업","검토","",""
"165","우주농업","notion","#생명공학","검토","",""
"165","우주농업","notion","#미래식량","검토","",""
"165","우주농업","notion","#극한환경","검토","",""
"166","트위터 X","notion","#소셜미디어의문제","유지","",""
"166","트위터 X","notion","#트위터의변화","검토","",""
"166","트위터 X","notion","#표현의자유와책임","검토","",""
"166","트위터 X","notion","#디지털시대의윤리","검토","",""
"166","트위터 X","notion","#플랫폼과정치","유지","",""
"167","수상한 단어들의 지도 : 꼬리에 꼬리를 무는 어원의 지적 여정","nlk","#언어의기원","유지","",""
"167","수상한 단어들의 지도 : 꼬리에 꼬리를 무는 어원의 지적 여정","nlk","#어원론","유지","",""
"167","수상한 단어들의 지도 : 꼬리에 꼬리를 무는 어원의 지적 여정","nlk","#단어의역사","검토","",""
"167","수상한 단어들의 지도 : 꼬리에 꼬리를 무는 어원의 지적 여정","nlk","#문화와언어","유지","",""
"167","수상한 단어들의 지도 : 꼬리에 꼬리를 무는 어원의 지적 여정","nlk","#신화와상징","검토","",""
"168","2024 AI 트렌드 : 한발 더 빠르게, 누구보다 깊이 있게 AI로 송두리째 바뀔 세상을 포착하다","nlk","#인공지능","유지","",""
"168","2024 AI 트렌드 : 한발 더 빠르게, 누구보다 깊이 있게 AI로 송두리째 바뀔 세상을 포착하다","nlk","#산업혁신","검토","",""
"168","2024 AI 트렌드 : 한발 더 빠르게, 누구보다 깊이 있게 AI로 송두리째 바뀔 세상을 포착하다","nlk","#AI트렌드","검토","",""
"168","2024 AI 트렌드 : 한발 더 빠르게, 누구보다 깊이 있게 AI로 송두리째 바뀔 세상을 포착하다","nlk","#디지털전환","유지","",""
"169","불타는 작품 : 윤고은 장편소설","nlk","#작품의가치","검토","",""
"169","불타는 작품 : 윤고은 장편소설","nlk","#예술과기획","검토","",""
"169","불타는 작품 : 윤고은 장편소설","nlk","#개와예술","검토","",""
"169","불타는 작품 : 윤고은 장편소설","nlk","#사진작가","검토","",""
"169","불타는 작품 : 윤고은 장편소설","nlk","#기발한상황","검토","",""
"170","시대예보","nlk","#핵개인","검토","",""
"170","시대예보","nlk","#데이터사회","검토","",""
"170","시대예보","nlk","#인공지능","유지","",""
"170","시대예보","nlk","#생애주기","검토","",""
"170","시대예보","nlk","#변화의시대","검토","",""
"171","88번 버스의 기적","nlk","#첫사랑의흔적","검토","",""
"171","88번 버스의 기적","nlk","#기억과시간","검토","",""
"171","88번 버스의 기적","nlk","#일상의기적","검토","",""
"171","88번 버스의 기적","nlk","#세대차이의만남","검토","",""
"171","88번 버스의 기적","nlk","#인간관계의온전함","검토","",""
"172","(일하는 당신을 위한) 최고의 수면법 : 아침이 두렵지 않은 직장인의 꿀잠 루틴","nlk","#현대인의불안","유지","",""
"172","(일하는 당신을 위한) 최고의 수면법 : 아침이 두렵지 않은 직장인의 꿀잠 루틴","nlk","#상실이후의삶","유지","",""
"172","(일하는 당신을 위한) 최고의 수면법 : 아침이 두렵지 않은 직장인의 꿀잠 루틴","nlk","#빈곤과불평등","치환","#불평등사회",""
"172","(일하는 당신을 위한) 최고의 수면법 : 아침이 두렵지 않은 직장인의 꿀잠 루틴","nlk","#뇌와행동","유지","",""
"172","(일하는 당신을 위한) 최고의 수면법 : 아침이 두렵지 않은 직장인의 꿀잠 루틴","nlk","#기술패권과정치","유지","",""
"173","세상은 이야기로 만들어졌다 : 신화·거짓말·유토피아","nlk","#유토피아","검토","",""
"173","세상은 이야기로 만들어졌다 : 신화·거짓말·유토피아","nlk","#신화와전설","검토","",""
"173","세상은 이야기로 만들어졌다 : 신화·거짓말·유토피아","nlk","#미디어의영향","검토","",""
"173","세상은 이야기로 만들어졌다 : 신화·거짓말·유토피아","nlk","#이야기의사회","검토","",""
"174","출근하는 책들 : 읽는 삶은 일하는 삶을 어떻게 구하나","nlk","#일과삶의정체성","검토","",""
"174","출근하는 책들 : 읽는 삶은 일하는 삶을 어떻게 구하나","nlk","#업무의의미","검토","",""
"174","출근하는 책들 : 읽는 삶은 일하는 삶을 어떻게 구하나","nlk","#관성과체념","검토","",""
"174","출근하는 책들 : 읽는 삶은 일하는 삶을 어떻게 구하나","nlk","#자기주도적학습","유지","",""
"174","출근하는 책들 : 읽는 삶은 일하는 삶을 어떻게 구하나","nlk","#공동체와읽기","유지","",""
"175","과학에서 인문학을 만나다 : 챗GPT의 시대 인문학에서 답을 찾다","nlk","#인공지능의윤리","검토","",""
"175","과학에서 인문학을 만나다 : 챗GPT의 시대 인문학에서 답을 찾다","nlk","#기술과인문학","검토","",""
"175","과학에서 인문학을 만나다 : 챗GPT의 시대 인문학에서 답을 찾다","nlk","#챗GPT의시대","검토","",""
"175","과학에서 인문학을 만나다 : 챗GPT의 시대 인문학에서 답을 찾다","nlk","#초지능의가능성","검토","",""
"175","과학에서 인문학을 만나다 : 챗GPT의 시대 인문학에서 답을 찾다","nlk","#인문학적사고","유지","",""
"176","공룡의 이동 경로 : 김화진 소설","nlk","#사회적관계","유지","",""
"176","공룡의 이동 경로 : 김화진 소설","nlk","#소설","유지","",""
"176","공룡의 이동 경로 : 김화진 소설","nlk","#마음의이동","검토","",""
"176","공룡의 이동 경로 : 김화진 소설","nlk","#글쓰기","검토","",""
"176","공룡의 이동 경로 : 김화진 소설","nlk","#관계의복잡성","검토","",""
"177","무질서와 질서 사이에서 : 한 복잡계 물리학자의 이야기","nlk","#복잡계물리학","유지","",""
"177","무질서와 질서 사이에서 : 한 복잡계 물리학자의 이야기","nlk","#물리학의기원","검토","",""
"177","무질서와 질서 사이에서 : 한 복잡계 물리학자의 이야기","nlk","#과학자의경로","검토","",""
"177","무질서와 질서 사이에서 : 한 복잡계 물리학자의 이야기","nlk","#노벨상","검토","",""
"177","무질서와 질서 사이에서 : 한 복잡계 물리학자의 이야기","nlk","#일상의과학","유지","",""
"178","좋은 엄마 학교","nlk","#감시사회","검토","",""
"178","좋은 엄마 학교","nlk","#엄마의정체성","유지","",""
"178","좋은 엄마 학교","nlk","#기술통제","검토","",""
"178","좋은 엄마 학교","nlk","#사회적압박","검토","",""
"178","좋은 엄마 학교","nlk","#디스토피아문학","검토","",""
"178","좋은 엄마 학교","nlk","#소설","유지","",""
"179","혼자가 좋지만 고독사는 걱정입니다 : 누구에게도 의존하지 않고 존엄하게 떠나는 법","nlk","#고독사","검토","",""
"179","혼자가 좋지만 고독사는 걱정입니다 : 누구에게도 의존하지 않고 존엄하게 떠나는 법","nlk","#1인가구","유지","",""
"179","혼자가 좋지만 고독사는 걱정입니다 : 누구에게도 의존하지 않고 존엄하게 떠나는 법","nlk","#존엄한죽음","검토","",""
"179","혼자가 좋지만 고독사는 걱정입니다 : 누구에게도 의존하지 않고 존엄하게 떠나는 법","nlk","#개인적대비책","검토","",""
"180","우세한 책들 : 우리가 사는 세상을 위한 책 읽기","nlk","#사회적문제","검토","",""
"180","우세한 책들 : 우리가 사는 세상을 위한 책 읽기","nlk","#사회학적통찰","검토","",""
"180","우세한 책들 : 우리가 사는 세상을 위한 책 읽기","nlk","#인문학적성찰","검토","",""
"180","우세한 책들 : 우리가 사는 세상을 위한 책 읽기","nlk","#세상탐구","검토","",""
"180","우세한 책들 : 우리가 사는 세상을 위한 책 읽기","nlk","#사회적불안","검토","",""
"181","80억 인류, 가보지 않은 미래 : 한중일 고령화, 서구의 극단주의, 신흥국의 인구폭발까지 세계정세의 대전환을 꿰뚫는 인구통계학의 통찰","nlk","#인구통계학","검토","",""
"181","80억 인류, 가보지 않은 미래 : 한중일 고령화, 서구의 극단주의, 신흥국의 인구폭발까지 세계정세의 대전환을 꿰뚫는 인구통계학의 통찰","nlk","#고령화사회","검토","",""
"181","80억 인류, 가보지 않은 미래 : 한중일 고령화, 서구의 극단주의, 신흥국의 인구폭발까지 세계정세의 대전환을 꿰뚫는 인구통계학의 통찰","nlk","#국제질서","유지","",""
"181","80억 인류, 가보지 않은 미래 : 한중일 고령화, 서구의 극단주의, 신흥국의 인구폭발까지 세계정세의 대전환을 꿰뚫는 인구통계학의 통찰","nlk","#인구변동","검토","",""
"181","80억 인류, 가보지 않은 미래 : 한중일 고령화, 서구의 극단주의, 신흥국의 인구폭발까지 세계정세의 대전환을 꿰뚫는 인구통계학의 통찰","nlk","#대전환기","검토","",""
"182","나의 문학 답사 일지 : 배움을 찾아 떠난 국문학자의 여행","nlk","#국문학의여행","검토","",""
"182","나의 문학 답사 일지 : 배움을 찾아 떠난 국문학자의 여행","nlk","#문학과역사","검토","",""
"182","나의 문학 답사 일지 : 배움을 찾아 떠난 국문학자의 여행","nlk","#춘향전남원","검토","",""
"182","나의 문학 답사 일지 : 배움을 찾아 떠난 국문학자의 여행","nlk","#탁류군산","검토","",""
"182","나의 문학 답사 일지 : 배움을 찾아 떠난 국문학자의 여행","nlk","#문학기행","검토","",""
"183","이토록 우아한 제로 웨이스트 여행 : 1년 반, 12,500km 유라시아 자전거 유람기","nlk","#제로웨이스트여행","검토","",""
"183","이토록 우아한 제로 웨이스트 여행 : 1년 반, 12,500km 유라시아 자전거 유람기","nlk","#유라시아대륙여행","검토","",""
"183","이토록 우아한 제로 웨이스트 여행 : 1년 반, 12,500km 유라시아 자전거 유람기","nlk","#자전거여행","검토","",""
"183","이토록 우아한 제로 웨이스트 여행 : 1년 반, 12,500km 유라시아 자전거 유람기","nlk","#지속가능한여행","검토","",""
"183","이토록 우아한 제로 웨이스트 여행 : 1년 반, 12,500km 유라시아 자전거 유람기","nlk","#우아한여행","검토","",""
"184","도시의 맛 : 인문학이 살아있는 도시여행 큐레이션","nlk","#도시의인문학","검토","",""
"184","도시의 맛 : 인문학이 살아있는 도시여행 큐레이션","nlk","#여행의인문학","검토","",""
"184","도시의 맛 : 인문학이 살아있는 도시여행 큐레이션","nlk","#문화의다양성","검토","",""
"184","도시의 맛 : 인문학이 살아있는 도시여행 큐레이션","nlk","#도시와문화","검토","",""
"184","도시의 맛 : 인문학이 살아있는 도시여행 큐레이션","nlk","#미식과인문학","검토","",""
"185","인류의 여정 : 부와 불평등의 기원 그리고 우리의 미래","nlk","#인류진화","유지","",""
"185","인류의 여정 : 부와 불평등의 기원 그리고 우리의 미래","nlk","#경제혁명","검토","",""
"185","인류의 여정 : 부와 불평등의 기원 그리고 우리의 미래","nlk","#부와불평등","검토","",""
"185","인류의 여정 : 부와 불평등의 기원 그리고 우리의 미래","nlk","#뇌과학과진화","검토","",""
"185","인류의 여정 : 부와 불평등의 기원 그리고 우리의 미래","nlk","#인류의여정","검토","",""
"186","우리가 우주에 가야 하는 이유","nlk","#우주여행","검토","",""
"186","우리가 우주에 가야 하는 이유","nlk","#미래과학","검토","",""
"186","우리가 우주에 가야 하는 이유","nlk","#태양계탐사","검토","",""
"186","우리가 우주에 가야 하는 이유","nlk","#인문학적우주론","검토","",""
"186","우리가 우주에 가야 하는 이유","nlk","#기술과인류","검토","",""
"187","프랑스의 음식문화사 : 프랑스 음식은 어떻게 세계 최고가 되었나","nlk","#프랑스음식문화","검토","",""
"187","프랑스의 음식문화사 : 프랑스 음식은 어떻게 세계 최고가 되었나","nlk","#미식의역사","검토","",""
"187","프랑스의 음식문화사 : 프랑스 음식은 어떻게 세계 최고가 되었나","nlk","#유네스코인류문화유산","검토","",""
"187","프랑스의 음식문화사 : 프랑스 음식은 어떻게 세계 최고가 되었나","nlk","#고대갈리아시대","검토","",""
"187","프랑스의 음식문화사 : 프랑스 음식은 어떻게 세계 최고가 되었나","nlk","#요리발전에미친영향","검토","",""
"187","프랑스의 음식문화사 : 프랑스 음식은 어떻게 세계 최고가 되었나","nlk","#문화와예술","유지","",""
"188","노숙 인생","nlk","#노숙인","검토","",""
"188","노숙 인생","nlk","#현대인의고립","검토","",""
"188","노숙 인생","nlk","#기술과인간관계","검토","",""
"188","노숙 인생","nlk","#생존과존엄","검토","",""
"188","노숙 인생","nlk","#사회적불평등","치환","#불평등사회",""
"188","노숙 인생","nlk","#소설","유지","",""
"189","지리학자의 열대 인문여행 : 야만과 지상낙원이라는 편견에 갇힌 열대의 진짜 모습을 만나다","nlk","#열대지리학","검토","",""
"189","지리학자의 열대 인문여행 : 야만과 지상낙원이라는 편견에 갇힌 열대의 진짜 모습을 만나다","nlk","#인문학적탐구","검토","",""
"189","지리학자의 열대 인문여행 : 야만과 지상낙원이라는 편견에 갇힌 열대의 진짜 모습을 만나다","nlk","#야만과지상낙원","검토","",""
"189","지리학자의 열대 인문여행 : 야만과 지상낙원이라는 편견에 갇힌 열대의 진짜 모습을 만나다","nlk","#열대의진실","검토","",""
"189","지리학자의 열대 인문여행 : 야만과 지상낙원이라는 편견에 갇힌 열대의 진짜 모습을 만나다","nlk","#지리적인식","검토","",""
"190","경성 맛집 산책","nlk","#경성시대","검토","",""
"190","경성 맛집 산책","nlk","#문화와예술","유지","",""
"190","경성 맛집 산책","nlk","#식민지시대","검토","",""
"190","경성 맛집 산책","nlk","#맛집탐방","검토","",""
"190","경성 맛집 산책","nlk","#역사속일상","치환","#역사와기록",""
"191","미국이 만든 가난 : 가장 부유한 국가에 존재하는 빈곤의 진실","nlk","#미국빈곤","검토","",""
"191","미국이 만든 가난 : 가장 부유한 국가에 존재하는 빈곤의 진실","nlk","#자본주의비판","유지","",""
"191","미국이 만든 가난 : 가장 부유한 국가에 존재하는 빈곤의 진실","nlk","#불평등사회","유지","",""
"191","미국이 만든 가난 : 가장 부유한 국가에 존재하는 빈곤의 진실","nlk","#사회문제","검토","",""
"191","미국이 만든 가난 : 가장 부유한 국가에 존재하는 빈곤의 진실","nlk","#아메리칸드림","검토","",""
"192","다크투어, 내 여행의 이름 : 타인의 고통이, 떠나는 이유가 될 수도 있다","nlk","#제노사이드","검토","",""
"192","다크투어, 내 여행의 이름 : 타인의 고통이, 떠나는 이유가 될 수도 있다","nlk","#다크투어리즘","검토","",""
"192","다크투어, 내 여행의 이름 : 타인의 고통이, 떠나는 이유가 될 수도 있다","nlk","#역사적비극","검토","",""
"192","다크투어, 내 여행의 이름 : 타인의 고통이, 떠나는 이유가 될 수도 있다","nlk","#고통의기억","검토","",""
"192","다크투어, 내 여행의 이름 : 타인의 고통이, 떠나는 이유가 될 수도 있다","nlk","#여행의의미","검토","",""
"193","우리나라 탐조지 100","nlk","#조류관찰","유지","",""
"193","우리나라 탐조지 100","nlk","#탐조지","검토","",""
"193","우리나라 탐조지 100","nlk","#생태계보전","검토","",""
"193","우리나라 탐조지 100","nlk","#한국의새","검토","",""
"193","우리나라 탐조지 100","nlk","#환경탐사","검토","",""
"194","뉴럴 링크 : 21세기를 이끄는 거대한 연결, 뇌-컴퓨터 인터페이스","nlk","#뇌와행동","유지","",""
"194","뉴럴 링크 : 21세기를 이끄는 거대한 연결, 뇌-컴퓨터 인터페이스","nlk","#기술패권과정치","유지","",""
"194","뉴럴 링크 : 21세기를 이끄는 거대한 연결, 뇌-컴퓨터 인터페이스","nlk","#생명과학","유지","",""
"194","뉴럴 링크 : 21세기를 이끄는 거대한 연결, 뇌-컴퓨터 인터페이스","nlk","#인공지능","유지","",""
"194","뉴럴 링크 : 21세기를 이끄는 거대한 연결, 뇌-컴퓨터 인터페이스","nlk","#BCI기술","검토","",""
"195","각본 없음 : 삶의 다음 페이지로 넘어가기 위해 쓴 것들","nlk","#상실과회복","유지","",""
"195","각본 없음 : 삶의 다음 페이지로 넘어가기 위해 쓴 것들","nlk","#삶의의미","유지","",""
"195","각본 없음 : 삶의 다음 페이지로 넘어가기 위해 쓴 것들","nlk","#기억과정체성","유지","",""
"195","각본 없음 : 삶의 다음 페이지로 넘어가기 위해 쓴 것들","nlk","#일상의고통","유지","",""
"195","각본 없음 : 삶의 다음 페이지로 넘어가기 위해 쓴 것들","nlk","#다시쓰기","검토","",""
"196","유튜브 백과 : 세계의 연결자, 최고의 미디어가 된 빅테크 플랫폼","nlk","#유튜브플랫폼","검토","",""
"196","유튜브 백과 : 세계의 연결자, 최고의 미디어가 된 빅테크 플랫폼","nlk","#미디어생태계","검토","",""
"196","유튜브 백과 : 세계의 연결자, 최고의 미디어가 된 빅테크 플랫폼","nlk","#빅테크기업","유지","",""
"196","유튜브 백과 : 세계의 연결자, 최고의 미디어가 된 빅테크 플랫폼","nlk","#콘텐츠전략","검토","",""
"196","유튜브 백과 : 세계의 연결자, 최고의 미디어가 된 빅테크 플랫폼","nlk","#디지털문화","유지","",""
"197","물질의 세계 : 6가지 물질이 그려내는 인류 문명의 대서사시","nlk","#물질과문화","검토","",""
"197","물질의 세계 : 6가지 물질이 그려내는 인류 문명의 대서사시","nlk","#기술과물질","검토","",""
"197","물질의 세계 : 6가지 물질이 그려내는 인류 문명의 대서사시","nlk","#역사속물질","검토","",""
"197","물질의 세계 : 6가지 물질이 그려내는 인류 문명의 대서사시","nlk","#환경과물질","검토","",""
"197","물질의 세계 : 6가지 물질이 그려내는 인류 문명의 대서사시","nlk","#문명과물질","검토","",""
"198","출근길 심리학 : 단단하고 유연한 멘탈을 위한 33가지 마음의 법칙","nlk","#현대인의불안","유지","",""
"198","출근길 심리학 : 단단하고 유연한 멘탈을 위한 33가지 마음의 법칙","nlk","#심리적회복","유지","",""
"198","출근길 심리학 : 단단하고 유연한 멘탈을 위한 33가지 마음의 법칙","nlk","#스트레스관리","유지","",""
"199","전시디자인, 미술의 발견 : 작품은 어떻게 스토리가 되는가","nlk","#전시디자인","유지","",""
"199","전시디자인, 미술의 발견 : 작품은 어떻게 스토리가 되는가","nlk","#미술과스토리텔링","검토","",""
"199","전시디자인, 미술의 발견 : 작품은 어떻게 스토리가 되는가","nlk","#공간의의미","검토","",""
"199","전시디자인, 미술의 발견 : 작품은 어떻게 스토리가 되는가","nlk","#작품해석","검토","",""
"199","전시디자인, 미술의 발견 : 작품은 어떻게 스토리가 되는가","nlk","#미술관경험","검토","",""
"200","해파리의 시간은 거꾸로 간다 : 세월의 무게를 덜어 주는 경이로운 노화 과학","nlk","#노화과학","검토","",""
"200","해파리의 시간은 거꾸로 간다 : 세월의 무게를 덜어 주는 경이로운 노화 과학","nlk","#생물학적변화","검토","",""
"200","해파리의 시간은 거꾸로 간다 : 세월의 무게를 덜어 주는 경이로운 노화 과학","nlk","#세월의무게","검토","",""
"200","해파리의 시간은 거꾸로 간다 : 세월의 무게를 덜어 주는 경이로운 노화 과학","nlk","#경이로운현상","검토","",""
"200","해파리의 시간은 거꾸로 간다 : 세월의 무게를 덜어 주는 경이로운 노화 과학","nlk","#시간의흐름","유지","",""
"201","한 사람의 노래가 온 거리에 노래를 : 창비시선 500 특별시선집","nlk","#시의인문학","검토","",""
"201","한 사람의 노래가 온 거리에 노래를 : 창비시선 500 특별시선집","nlk","#노래와예술","검토","",""
"201","한 사람의 노래가 온 거리에 노래를 : 창비시선 500 특별시선집","nlk","#한국시사상","검토","",""
"202","친애하는 슐츠 씨 : 오래된 편견을 넘어선 사람들","nlk","#미국사회","유지","",""
"202","친애하는 슐츠 씨 : 오래된 편견을 넘어선 사람들","nlk","#차별과편견","유지","",""
"202","친애하는 슐츠 씨 : 오래된 편견을 넘어선 사람들","nlk","#탄생의배경","검토","",""
"202","친애하는 슐츠 씨 : 오래된 편견을 넘어선 사람들","nlk","#인권운동","유지","",""
"202","친애하는 슐츠 씨 : 오래된 편견을 넘어선 사람들","nlk","#불평등사회","유지","",""
"203","재뉴어리의 푸른 문 : 앨릭스 E. 해로우 장편소설","nlk","#판타지소설","검토","",""
"203","재뉴어리의 푸른 문 : 앨릭스 E. 해로우 장편소설","nlk","#문학적모험","검토","",""
"203","재뉴어리의 푸른 문 : 앨릭스 E. 해로우 장편소설","nlk","#고고학","검토","",""
"203","재뉴어리의 푸른 문 : 앨릭스 E. 해로우 장편소설","nlk","#세상과의소통","검토","",""
"203","재뉴어리의 푸른 문 : 앨릭스 E. 해로우 장편소설","nlk","#가족관계","치환","#사회적관계",""
"204","나답게 산다는 것 : 나를 찾고자 하는 이들의 철학수업","nlk","#자기성찰","유지","",""
"204","나답게 산다는 것 : 나를 찾고자 하는 이들의 철학수업","nlk","#철학적삶","검토","",""
"204","나답게 산다는 것 : 나를 찾고자 하는 이들의 철학수업","nlk","#인간의가치","검토","",""
"204","나답게 산다는 것 : 나를 찾고자 하는 이들의 철학수업","nlk","#나를찾는여정","검토","",""
"204","나답게 산다는 것 : 나를 찾고자 하는 이들의 철학수업","nlk","#일상철학","검토","",""
"205","자화상 내 마음을 그리다","nlk","#자화상","검토","",""
"205","자화상 내 마음을 그리다","nlk","#심리학","유지","",""
"205","자화상 내 마음을 그리다","nlk","#미술치료","검토","",""
"205","자화상 내 마음을 그리다","nlk","#내면의성찰","검토","",""
"205","자화상 내 마음을 그리다","nlk","#자기초월","검토","",""
"206","살아있니, 황금두더지 : 사라져 가는 존재에 대한 기억","nlk","#황금두더지","검토","",""
"206","살아있니, 황금두더지 : 사라져 가는 존재에 대한 기억","nlk","#동물행태","유지","",""
"206","살아있니, 황금두더지 : 사라져 가는 존재에 대한 기억","nlk","#감각과인식","검토","",""
"206","살아있니, 황금두더지 : 사라져 가는 존재에 대한 기억","nlk","#미지의존재","검토","",""
"206","살아있니, 황금두더지 : 사라져 가는 존재에 대한 기억","nlk","#기억과실체","검토","",""
"207","쓰게 될 것 : 최진영 소설집","nlk","#기후위기","유지","",""
"207","쓰게 될 것 : 최진영 소설집","nlk","#인공지능의문제","검토","",""
"207","쓰게 될 것 : 최진영 소설집","nlk","#현대인의불안","유지","",""
"207","쓰게 될 것 : 최진영 소설집","nlk","#전쟁의참혹","검토","",""
"207","쓰게 될 것 : 최진영 소설집","nlk","#한국현대소설","유지","",""
"208","(조용하고 끈질기게 살아남은) 잡초들의 전략","nlk","#생명전략","검토","",""
"208","(조용하고 끈질기게 살아남은) 잡초들의 전략","nlk","#식물학","검토","",""
"208","(조용하고 끈질기게 살아남은) 잡초들의 전략","nlk","#생존기술","검토","",""
"208","(조용하고 끈질기게 살아남은) 잡초들의 전략","nlk","#환경적응","검토","",""
"208","(조용하고 끈질기게 살아남은) 잡초들의 전략","nlk","#자연의지혜","치환","#기후위기",""
"209","AGI 시대와 인간의 미래 : 챗GPT 이후의 삶, 일자리 그리고 교육","nlk","#AGI시대","검토","",""
"209","AGI 시대와 인간의 미래 : 챗GPT 이후의 삶, 일자리 그리고 교육","nlk","#인공지능과일자리","검토","",""
"209","AGI 시대와 인간의 미래 : 챗GPT 이후의 삶, 일자리 그리고 교육","nlk","#인공지능","유지","",""
"209","AGI 시대와 인간의 미래 : 챗GPT 이후의 삶, 일자리 그리고 교육","nlk","#미래기술과교육","검토","",""
"209","AGI 시대와 인간의 미래 : 챗GPT 이후의 삶, 일자리 그리고 교육","nlk","#범용인공지능","검토","",""
"210","이렇게 누워만 있어도 괜찮을까 : 오늘도 고립의 시간을 살아가는 여성 청년들","nlk","#고립청년","검토","",""
"210","이렇게 누워만 있어도 괜찮을까 : 오늘도 고립의 시간을 살아가는 여성 청년들","nlk","#여성청년","검토","",""
"210","이렇게 누워만 있어도 괜찮을까 : 오늘도 고립의 시간을 살아가는 여성 청년들","nlk","#여성고립","검토","",""
"210","이렇게 누워만 있어도 괜찮을까 : 오늘도 고립의 시간을 살아가는 여성 청년들","nlk","#자살위험","검토","",""
"210","이렇게 누워만 있어도 괜찮을까 : 오늘도 고립의 시간을 살아가는 여성 청년들","nlk","#코로나19","검토","",""
"210","이렇게 누워만 있어도 괜찮을까 : 오늘도 고립의 시간을 살아가는 여성 청년들","nlk","#사회적고립","유지","",""
"210","이렇게 누워만 있어도 괜찮을까 : 오늘도 고립의 시간을 살아가는 여성 청년들","nlk","#사회적안전망","유지","",""
"211","윈터 씨의 해빙기 : 슈테판 쿨만 장편소설","nlk","#상실과회복","유지","",""
"211","윈터 씨의 해빙기 : 슈테판 쿨만 장편소설","nlk","#인간관계","치환","#사회적관계",""
"211","윈터 씨의 해빙기 : 슈테판 쿨만 장편소설","nlk","#마음의고립","검토","",""
"211","윈터 씨의 해빙기 : 슈테판 쿨만 장편소설","nlk","#사회적관계","유지","",""
"211","윈터 씨의 해빙기 : 슈테판 쿨만 장편소설","nlk","#인생의갈등","검토","",""
"211","윈터 씨의 해빙기 : 슈테판 쿨만 장편소설","nlk","#소설","유지","",""
"212","쓸데없는 걱정으로 준비된 체력이 소진되었습니다 : 쉽게 불안해하는 당신을 위한 걱정 끊기의 기술","nlk","#불안과정념","유지","",""
"212","쓸데없는 걱정으로 준비된 체력이 소진되었습니다 : 쉽게 불안해하는 당신을 위한 걱정 끊기의 기술","nlk","#비교와자존감","검토","",""
"212","쓸데없는 걱정으로 준비된 체력이 소진되었습니다 : 쉽게 불안해하는 당신을 위한 걱정 끊기의 기술","nlk","#심리적패배감","검토","",""
"212","쓸데없는 걱정으로 준비된 체력이 소진되었습니다 : 쉽게 불안해하는 당신을 위한 걱정 끊기의 기술","nlk","#걱정끊기의기술","검토","",""
"212","쓸데없는 걱정으로 준비된 체력이 소진되었습니다 : 쉽게 불안해하는 당신을 위한 걱정 끊기의 기술","nlk","#자기수용훈련","검토","",""
"213","공감사회를 위한 담론들","nlk","#사회양극화","검토","",""
"213","공감사회를 위한 담론들","nlk","#공감사회","검토","",""
"213","공감사회를 위한 담론들","nlk","#개인과공동체","검토","",""
"213","공감사회를 위한 담론들","nlk","#자유주의비판","검토","",""
"213","공감사회를 위한 담론들","nlk","#대안담론","검토","",""
"213","공감사회를 위한 담론들","nlk","#사회담론","검토","",""
"214","외로움의 습격 : 모두, 홀로 남겨질 것이다","nlk","#외로움","검토","",""
"214","외로움의 습격 : 모두, 홀로 남겨질 것이다","nlk","#사회적고립","유지","",""
"214","외로움의 습격 : 모두, 홀로 남겨질 것이다","nlk","#현대인의불안","유지","",""
"214","외로움의 습격 : 모두, 홀로 남겨질 것이다","nlk","#사회적관계","유지","",""
"214","외로움의 습격 : 모두, 홀로 남겨질 것이다","nlk","#사회적안전망","유지","",""
"214","외로움의 습격 : 모두, 홀로 남겨질 것이다","nlk","#사회적해법","검토","",""
"215","(쇼펜하우어의) 고독한 행복","nlk","#쇼펜하우어","검토","",""
"215","(쇼펜하우어의) 고독한 행복","nlk","#고독","검토","",""
"215","(쇼펜하우어의) 고독한 행복","nlk","#행복의철학","유지","",""
"215","(쇼펜하우어의) 고독한 행복","nlk","#삶의실체","검토","",""
"215","(쇼펜하우어의) 고독한 행복","nlk","#내면의평화","검토","",""
"216","남겨진 것들의 기록 : 유품정리사가 써내려간 떠난 이들의 뒷모습","nlk","#고독사와유품정리","검토","",""
"216","남겨진 것들의 기록 : 유품정리사가 써내려간 떠난 이들의 뒷모습","nlk","#상실의아픔","검토","",""
"216","남겨진 것들의 기록 : 유품정리사가 써내려간 떠난 이들의 뒷모습","nlk","#삶의마지막","검토","",""
"216","남겨진 것들의 기록 : 유품정리사가 써내려간 떠난 이들의 뒷모습","nlk","#개인화된삶","검토","",""
"216","남겨진 것들의 기록 : 유품정리사가 써내려간 떠난 이들의 뒷모습","nlk","#외로움과상실","검토","",""
"217","세상에서 가장 긴 행복 탐구 보고서 : '행복의 조건'을 찾는 하버드의 연구는 지금도 계속된다","nlk","#행복연구","검토","",""
"217","세상에서 가장 긴 행복 탐구 보고서 : '행복의 조건'을 찾는 하버드의 연구는 지금도 계속된다","nlk","#하버드연구","검토","",""
"217","세상에서 가장 긴 행복 탐구 보고서 : '행복의 조건'을 찾는 하버드의 연구는 지금도 계속된다","nlk","#성인발달","검토","",""
"217","세상에서 가장 긴 행복 탐구 보고서 : '행복의 조건'을 찾는 하버드의 연구는 지금도 계속된다","nlk","#행복의조건","검토","",""
"217","세상에서 가장 긴 행복 탐구 보고서 : '행복의 조건'을 찾는 하버드의 연구는 지금도 계속된다","nlk","#삶의변화","검토","",""
"218","가난한 아이들은 어떻게 어른이 되는가 : 빈곤과 청소년, 10년의 기록","nlk","#불평등사회","유지","",""
"218","가난한 아이들은 어떻게 어른이 되는가 : 빈곤과 청소년, 10년의 기록","nlk","#청소년기","검토","",""
"218","가난한 아이들은 어떻게 어른이 되는가 : 빈곤과 청소년, 10년의 기록","nlk","#사회적고립","유지","",""
"218","가난한 아이들은 어떻게 어른이 되는가 : 빈곤과 청소년, 10년의 기록","nlk","#가정환경","검토","",""
"218","가난한 아이들은 어떻게 어른이 되는가 : 빈곤과 청소년, 10년의 기록","nlk","#청소년빈곤","검토","",""
"218","가난한 아이들은 어떻게 어른이 되는가 : 빈곤과 청소년, 10년의 기록","nlk","#청년빈곤","검토","",""
"218","가난한 아이들은 어떻게 어른이 되는가 : 빈곤과 청소년, 10년의 기록","nlk","#더나은공동체","검토","",""
"218","가난한 아이들은 어떻게 어른이 되는가 : 빈곤과 청소년, 10년의 기록","nlk","#사회적안전망","유지","",""
"219","고층 입원실의 갱스터 할머니","nlk","#루푸스병","검토","",""
"219","고층 입원실의 갱스터 할머니","nlk","#고독한투병","검토","",""
"219","고층 입원실의 갱스터 할머니","nlk","#일상의고통","유지","",""
"219","고층 입원실의 갱스터 할머니","nlk","#존재론적고찰","검토","",""
"219","고층 입원실의 갱스터 할머니","nlk","#할머니의삶","검토","",""
"220","뭉크의 별이 빛나는 밤 : 고독 속 절규마저 빛나는 순간","nlk","#뭉크","검토","",""
"220","뭉크의 별이 빛나는 밤 : 고독 속 절규마저 빛나는 순간","nlk","#예술가의고독","검토","",""
"220","뭉크의 별이 빛나는 밤 : 고독 속 절규마저 빛나는 순간","nlk","#고통과창작","검토","",""
"220","뭉크의 별이 빛나는 밤 : 고독 속 절규마저 빛나는 순간","nlk","#삶과작품","검토","",""
"220","뭉크의 별이 빛나는 밤 : 고독 속 절규마저 빛나는 순간","nlk","#희망과절망","검토","",""
"221","내가 누구인지 아는 것이 왜 중요한가 : 그간 외면해온 외로운 나에게 인생을 묻다","nlk","#자기인식","검토","",""
"221","내가 누구인지 아는 것이 왜 중요한가 : 그간 외면해온 외로운 나에게 인생을 묻다","nlk","#내면탐구","검토","",""
"221","내가 누구인지 아는 것이 왜 중요한가 : 그간 외면해온 외로운 나에게 인생을 묻다","nlk","#심리학","유지","",""
"221","내가 누구인지 아는 것이 왜 중요한가 : 그간 외면해온 외로운 나에게 인생을 묻다","nlk","#존재론적질문","검토","",""
"221","내가 누구인지 아는 것이 왜 중요한가 : 그간 외면해온 외로운 나에게 인생을 묻다","nlk","#고독과소통","검토","",""
"222","나에게 진실이라는 거짓을 맹세해","nlk","#범죄심리","검토","",""
"222","나에게 진실이라는 거짓을 맹세해","nlk","#진실과거짓","검토","",""
"222","나에게 진실이라는 거짓을 맹세해","nlk","#관계의불안","검토","",""
"222","나에게 진실이라는 거짓을 맹세해","nlk","#노르웨이사회","검토","",""
"222","나에게 진실이라는 거짓을 맹세해","nlk","#인간의심각한면","검토","",""
"223","오렌지와 빵칼 : 청예 장편소설","nlk","#인간내면의갈등","검토","",""
"223","오렌지와 빵칼 : 청예 장편소설","nlk","#정서조절","검토","",""
"223","오렌지와 빵칼 : 청예 장편소설","nlk","#유치원과교육","검토","",""
"223","오렌지와 빵칼 : 청예 장편소설","nlk","#억압과해방","검토","",""
"223","오렌지와 빵칼 : 청예 장편소설","nlk","#미스터리소설","검토","",""
"224","위대한 관찰 : 곤충학자이길 거부했던 자연주의자 장 앙리 파브르의 말과 삶","nlk","#파브르곤충기","검토","",""
"224","위대한 관찰 : 곤충학자이길 거부했던 자연주의자 장 앙리 파브르의 말과 삶","nlk","#자연주의","검토","",""
"224","위대한 관찰 : 곤충학자이길 거부했던 자연주의자 장 앙리 파브르의 말과 삶","nlk","#관찰과기록","검토","",""
"224","위대한 관찰 : 곤충학자이길 거부했던 자연주의자 장 앙리 파브르의 말과 삶","nlk","#생물다양성","유지","",""
"224","위대한 관찰 : 곤충학자이길 거부했던 자연주의자 장 앙리 파브르의 말과 삶","nlk","#인문학적자연","검토","",""
"225","일생에 한번은 헌법을 읽어라 : 흔들릴 때마다 삶의 중심을 잡아주는 기준에 관하여","nlk","#헌법","유지","",""
"225","일생에 한번은 헌법을 읽어라 : 흔들릴 때마다 삶의 중심을 잡아주는 기준에 관하여","nlk","#법치주의","검토","",""
"225","일생에 한번은 헌법을 읽어라 : 흔들릴 때마다 삶의 중심을 잡아주는 기준에 관하여","nlk","#국가와법","검토","",""
"225","일생에 한번은 헌법을 읽어라 : 흔들릴 때마다 삶의 중심을 잡아주는 기준에 관하여","nlk","#정치사상","유지","",""
"225","일생에 한번은 헌법을 읽어라 : 흔들릴 때마다 삶의 중심을 잡아주는 기준에 관하여","nlk","#법과정치","유지","",""
"226","완벽이라는 중독 : 불안한 완벽주의자를 위한 심리학","nlk","#완벽주의","검토","",""
"226","완벽이라는 중독 : 불안한 완벽주의자를 위한 심리학","nlk","#불안","검토","",""
"226","완벽이라는 중독 : 불안한 완벽주의자를 위한 심리학","nlk","#심리학","유지","",""
"226","완벽이라는 중독 : 불안한 완벽주의자를 위한 심리학","nlk","#자기몰아세움","검토","",""
"227","생각의 기술 : 바로 써먹는 논리학 사용법","nlk","#논리학","검토","",""
"227","생각의 기술 : 바로 써먹는 논리학 사용법","nlk","#사고력향상","검토","",""
"227","생각의 기술 : 바로 써먹는 논리학 사용법","nlk","#비판적사고","유지","",""
"227","생각의 기술 : 바로 써먹는 논리학 사용법","nlk","#소통능력","검토","",""
"227","생각의 기술 : 바로 써먹는 논리학 사용법","nlk","#인간심리","치환","#심리학",""
"228","기술은 세상을 어떻게 바꾸는가 : 최초의 질문에서 패러다임이 되기까지","nlk","#기술의발전","검토","",""
"228","기술은 세상을 어떻게 바꾸는가 : 최초의 질문에서 패러다임이 되기까지","nlk","#혁신기술","검토","",""
"228","기술은 세상을 어떻게 바꾸는가 : 최초의 질문에서 패러다임이 되기까지","nlk","#인공지능","유지","",""
"228","기술은 세상을 어떻게 바꾸는가 : 최초의 질문에서 패러다임이 되기까지","nlk","#사회적조건","검토","",""
"228","기술은 세상을 어떻게 바꾸는가 : 최초의 질문에서 패러다임이 되기까지","nlk","#기술이야기","검토","",""
"228","기술은 세상을 어떻게 바꾸는가 : 최초의 질문에서 패러다임이 되기까지","nlk","#명쾌한설명","검토","",""
"229","가위는 왜 가위처럼 생겼을까","nlk","#물리학적원리","검토","",""
"229","가위는 왜 가위처럼 생겼을까","nlk","#도구의설계","검토","",""
"229","가위는 왜 가위처럼 생겼을까","nlk","#일상의과학","유지","",""
"229","가위는 왜 가위처럼 생겼을까","nlk","#인간과도구","검토","",""
"229","가위는 왜 가위처럼 생겼을까","nlk","#과학적호기심","검토","",""
"230","제대로 연습하는 법 : 어학부터 스포츠까지, 인지심리학이 제시하는 배움의 기술","nlk","#인지심리학","치환","#심리학",""
"230","제대로 연습하는 법 : 어학부터 스포츠까지, 인지심리학이 제시하는 배움의 기술","nlk","#배움의기술","검토","",""
"230","제대로 연습하는 법 : 어학부터 스포츠까지, 인지심리학이 제시하는 배움의 기술","nlk","#훈련과성장","검토","",""
"230","제대로 연습하는 법 : 어학부터 스포츠까지, 인지심리학이 제시하는 배움의 기술","nlk","#심리과학","검토","",""
"230","제대로 연습하는 법 : 어학부터 스포츠까지, 인지심리학이 제시하는 배움의 기술","nlk","#기량향상","검토","",""
"231","침묵을 배우는 시간 : 말이 넘쳐나는 세상 속, 더욱 빛을 발하는 침묵의 품격","nlk","#침묵과소통","검토","",""
"231","침묵을 배우는 시간 : 말이 넘쳐나는 세상 속, 더욱 빛을 발하는 침묵의 품격","nlk","#내면의성장","유지","",""
"231","침묵을 배우는 시간 : 말이 넘쳐나는 세상 속, 더욱 빛을 발하는 침묵의 품격","nlk","#현대인의고요","검토","",""
"231","침묵을 배우는 시간 : 말이 넘쳐나는 세상 속, 더욱 빛을 발하는 침묵의 품격","nlk","#관계의미학","검토","",""
"231","침묵을 배우는 시간 : 말이 넘쳐나는 세상 속, 더욱 빛을 발하는 침묵의 품격","nlk","#고요의품격","검토","",""
"232","지명발견록 : 우리 땅 이름의 숨겨진 이야기","nlk","#지명과이름","유지","",""
"232","지명발견록 : 우리 땅 이름의 숨겨진 이야기","nlk","#고유어의미","검토","",""
"232","지명발견록 : 우리 땅 이름의 숨겨진 이야기","nlk","#역사속지명","검토","",""
"232","지명발견록 : 우리 땅 이름의 숨겨진 이야기","nlk","#언어와문화","유지","",""
"232","지명발견록 : 우리 땅 이름의 숨겨진 이야기","nlk","#시인과인문학","검토","",""
"233","빛이 이끄는 곳으로 : 백희성 장편소설","nlk","#건축과인간관계","검토","",""
"233","빛이 이끄는 곳으로 : 백희성 장편소설","nlk","#파리저택미스터리","검토","",""
"233","빛이 이끄는 곳으로 : 백희성 장편소설","nlk","#기억과공간","검토","",""
"233","빛이 이끄는 곳으로 : 백희성 장편소설","nlk","#건축가의삶","검토","",""
"233","빛이 이끄는 곳으로 : 백희성 장편소설","nlk","#집과일상","검토","",""
"234","개미 오디세이 : 운명을 짊어진 개미의 여정","nlk","#개미의생태","검토","",""
"234","개미 오디세이 : 운명을 짊어진 개미의 여정","nlk","#곤충학","검토","",""
"234","개미 오디세이 : 운명을 짊어진 개미의 여정","nlk","#군집행위","검토","",""
"234","개미 오디세이 : 운명을 짊어진 개미의 여정","nlk","#생물다양성","유지","",""
"234","개미 오디세이 : 운명을 짊어진 개미의 여정","nlk","#생태계전환","검토","",""
"235","(교양인이 알아야 할) 음식의 역사 : 인류는 무엇을 어떻게 먹어왔을까, 그리고 미래에도 그렇게 먹을 수 있을까","nlk","#문화와예술","유지","",""
"235","(교양인이 알아야 할) 음식의 역사 : 인류는 무엇을 어떻게 먹어왔을까, 그리고 미래에도 그렇게 먹을 수 있을까","nlk","#인류의식습관","검토","",""
"235","(교양인이 알아야 할) 음식의 역사 : 인류는 무엇을 어떻게 먹어왔을까, 그리고 미래에도 그렇게 먹을 수 있을까","nlk","#문화와음식","검토","",""
"235","(교양인이 알아야 할) 음식의 역사 : 인류는 무엇을 어떻게 먹어왔을까, 그리고 미래에도 그렇게 먹을 수 있을까","nlk","#식습성과사회","검토","",""
"235","(교양인이 알아야 할) 음식의 역사 : 인류는 무엇을 어떻게 먹어왔을까, 그리고 미래에도 그렇게 먹을 수 있을까","nlk","#미래의식생활","검토","",""
"236","나의 작은 나라 : 가엘 파유 장편소설","nlk","#부룬디내전","검토","",""
"236","나의 작은 나라 : 가엘 파유 장편소설","nlk","#자전적소설","검토","",""
"236","나의 작은 나라 : 가엘 파유 장편소설","nlk","#어린시절의기억","검토","",""
"236","나의 작은 나라 : 가엘 파유 장편소설","nlk","#고통과상실","검토","",""
"236","나의 작은 나라 : 가엘 파유 장편소설","nlk","#희망과연대","검토","",""
"237","코끼리는 암에 걸리지 않는다 : 삶의 한계에 도전하는 동물들, 그 경이로움에 관하여","nlk","#암과질병","검토","",""
"237","코끼리는 암에 걸리지 않는다 : 삶의 한계에 도전하는 동물들, 그 경이로움에 관하여","nlk","#동물의생존","검토","",""
"237","코끼리는 암에 걸리지 않는다 : 삶의 한계에 도전하는 동물들, 그 경이로움에 관하여","nlk","#생태적회복탄력성","검토","",""
"237","코끼리는 암에 걸리지 않는다 : 삶의 한계에 도전하는 동물들, 그 경이로움에 관하여","nlk","#생명과학","유지","",""
"237","코끼리는 암에 걸리지 않는다 : 삶의 한계에 도전하는 동물들, 그 경이로움에 관하여","nlk","#자연의지혜","치환","#기후위기",""
"238","텔로미어","nlk","#텔로미어","유지","",""
"238","텔로미어","nlk","#노화와수명","검토","",""
"238","텔로미어","nlk","#생명진화","검토","",""
"239","상상하는 공학 진화하는 인간 : KAIST 기계공학과 교수들이 들려주는 첨단 기술의 오늘과 내일","nlk","#인공지능","유지","",""
"239","상상하는 공학 진화하는 인간 : KAIST 기계공학과 교수들이 들려주는 첨단 기술의 오늘과 내일","nlk","#기계공학","검토","",""
"239","상상하는 공학 진화하는 인간 : KAIST 기계공학과 교수들이 들려주는 첨단 기술의 오늘과 내일","nlk","#첨단기술","검토","",""
"239","상상하는 공학 진화하는 인간 : KAIST 기계공학과 교수들이 들려주는 첨단 기술의 오늘과 내일","nlk","#미래기술","치환","#인공지능",""
"239","상상하는 공학 진화하는 인간 : KAIST 기계공학과 교수들이 들려주는 첨단 기술의 오늘과 내일","nlk","#기술발전","검토","",""
"240","시간의 지배자 : 사피엔스를 지구의 정복자로 만든 예지의 과학","nlk","#인류진화","유지","",""
"240","시간의 지배자 : 사피엔스를 지구의 정복자로 만든 예지의 과학","nlk","#예지력","검토","",""
"240","시간의 지배자 : 사피엔스를 지구의 정복자로 만든 예지의 과학","nlk","#사피엔스","검토","",""
"240","시간의 지배자 : 사피엔스를 지구의 정복자로 만든 예지의 과학","nlk","#과학적탐구","치환","#생명과학",""
"240","시간의 지배자 : 사피엔스를 지구의 정복자로 만든 예지의 과학","nlk","#시간의인과관계","검토","",""
"241","초연결 학교 : 세상을 품은 학교의 시대가 온다","nlk","#초연결학교","검토","",""
"241","초연결 학교 : 세상을 품은 학교의 시대가 온다","nlk","#교육의미래","유지","",""
"241","초연결 학교 : 세상을 품은 학교의 시대가 온다","nlk","#학교혁신","유지","",""
"241","초연결 학교 : 세상을 품은 학교의 시대가 온다","nlk","#지식플랫폼","검토","",""
"241","초연결 학교 : 세상을 품은 학교의 시대가 온다","nlk","#세상과의연결","검토","",""
"242","왜 읽고 쓰고 걸어야 하는가 : 비고츠키, 진화학, 뇌과학, 마을교육공동체의 만남","nlk","#뇌과학","유지","",""
"242","왜 읽고 쓰고 걸어야 하는가 : 비고츠키, 진화학, 뇌과학, 마을교육공동체의 만남","nlk","#비고츠키이론","검토","",""
"242","왜 읽고 쓰고 걸어야 하는가 : 비고츠키, 진화학, 뇌과학, 마을교육공동체의 만남","nlk","#진화학","검토","",""
"242","왜 읽고 쓰고 걸어야 하는가 : 비고츠키, 진화학, 뇌과학, 마을교육공동체의 만남","nlk","#교육공동체","검토","",""
"242","왜 읽고 쓰고 걸어야 하는가 : 비고츠키, 진화학, 뇌과학, 마을교육공동체의 만남","nlk","#인간발달","검토","",""
"243","숨 쉬는 것들은 어떻게든 진화한다 : 변화 가득한 오늘을 살아내는 자연 생태의 힘","nlk","#생태진화","유지","",""
"243","숨 쉬는 것들은 어떻게든 진화한다 : 변화 가득한 오늘을 살아내는 자연 생태의 힘","nlk","#도시생태","검토","",""
"243","숨 쉬는 것들은 어떻게든 진화한다 : 변화 가득한 오늘을 살아내는 자연 생태의 힘","nlk","#스트레스와생존","검토","",""
"243","숨 쉬는 것들은 어떻게든 진화한다 : 변화 가득한 오늘을 살아내는 자연 생태의 힘","nlk","#자연적응","검토","",""
"243","숨 쉬는 것들은 어떻게든 진화한다 : 변화 가득한 오늘을 살아내는 자연 생태의 힘","nlk","#동물행태연구","검토","",""
"244","(빼앗긴 집중력을 되찾고 당신의 뇌를 최적화할) 깊은 생각의 비밀","nlk","#뇌와행동","유지","",""
"244","(빼앗긴 집중력을 되찾고 당신의 뇌를 최적화할) 깊은 생각의 비밀","nlk","#깊은사고","검토","",""
"244","(빼앗긴 집중력을 되찾고 당신의 뇌를 최적화할) 깊은 생각의 비밀","nlk","#인공지능","유지","",""
"244","(빼앗긴 집중력을 되찾고 당신의 뇌를 최적화할) 깊은 생각의 비밀","nlk","#인지심리학","치환","#심리학",""
"244","(빼앗긴 집중력을 되찾고 당신의 뇌를 최적화할) 깊은 생각의 비밀","nlk","#생각훈련","검토","",""
"245","인간 문명의 네 가지 법칙 : 에너지, 혁신, 협력, 진화가 역사의 방향을 결정한다","nlk","#문명과진화","검토","",""
"245","인간 문명의 네 가지 법칙 : 에너지, 혁신, 협력, 진화가 역사의 방향을 결정한다","nlk","#에너지시스템","검토","",""
"245","인간 문명의 네 가지 법칙 : 에너지, 혁신, 협력, 진화가 역사의 방향을 결정한다","nlk","#혁신과발전","검토","",""
"245","인간 문명의 네 가지 법칙 : 에너지, 혁신, 협력, 진화가 역사의 방향을 결정한다","nlk","#협력과진화","검토","",""
"245","인간 문명의 네 가지 법칙 : 에너지, 혁신, 협력, 진화가 역사의 방향을 결정한다","nlk","#인문학적사고","유지","",""
"246","살아갈 날들을 위한 괴테의 시","nlk","#괴테","검토","",""
"246","살아갈 날들을 위한 괴테의 시","nlk","#삶의희망","검토","",""
"246","살아갈 날들을 위한 괴테의 시","nlk","#인생의방향","유지","",""
"246","살아갈 날들을 위한 괴테의 시","nlk","#문학으로본인간","유지","",""
"246","살아갈 날들을 위한 괴테의 시","nlk","#예술가의삶","치환","#문화와예술",""
"247","균형 잡힌 뇌 : 인공지능 시대가 버거운 당신에게","nlk","#인공지능","유지","",""
"247","균형 잡힌 뇌 : 인공지능 시대가 버거운 당신에게","nlk","#현대인의불안","유지","",""
"247","균형 잡힌 뇌 : 인공지능 시대가 버거운 당신에게","nlk","#공감의필요","검토","",""
"247","균형 잡힌 뇌 : 인공지능 시대가 버거운 당신에게","nlk","#균형잡힌뇌","검토","",""
"247","균형 잡힌 뇌 : 인공지능 시대가 버거운 당신에게","nlk","#삶의균형","검토","",""
"248","데드 스페이스","nlk","#인공지능의진화","검토","",""
"248","데드 스페이스","nlk","#미래우주시대","검토","",""
"248","데드 스페이스","nlk","#기업의횡포","검토","",""
"248","데드 스페이스","nlk","#인간과기계","검토","",""
"248","데드 스페이스","nlk","#공진화","검토","",""
"249","철학으로 돌파하라 : 변화의 시대, 불안을 기대로 바꿔줄 43가지 지혜의 도구","nlk","#불안과정념","유지","",""
"249","철학으로 돌파하라 : 변화의 시대, 불안을 기대로 바꿔줄 43가지 지혜의 도구","nlk","#변화의철학","검토","",""
"249","철학으로 돌파하라 : 변화의 시대, 불안을 기대로 바꿔줄 43가지 지혜의 도구","nlk","#사회문제와철학","검토","",""
"249","철학으로 돌파하라 : 변화의 시대, 불안을 기대로 바꿔줄 43가지 지혜의 도구","nlk","#기회와위기","검토","",""
"249","철학으로 돌파하라 : 변화의 시대, 불안을 기대로 바꿔줄 43가지 지혜의 도구","nlk","#미래사고","검토","",""
"250","나는 언제나 늙기를 기다려왔다","nlk","#노년의시간","검토","",""
"250","나는 언제나 늙기를 기다려왔다","nlk","#시간의흐름","유지","",""
"250","나는 언제나 늙기를 기다려왔다","nlk","#자기성찰","유지","",""
"250","나는 언제나 늙기를 기다려왔다","nlk","#늙음에대한인식","검토","",""
"250","나는 언제나 늙기를 기다려왔다","nlk","#생애의전환점","검토","",""
"251","스테로이드 인류 : 기적과 죽음의 연대기","nlk","#스테로이드","검토","",""
"251","스테로이드 인류 : 기적과 죽음의 연대기","nlk","#호르몬","검토","",""
"251","스테로이드 인류 : 기적과 죽음의 연대기","nlk","#의약역사","검토","",""
"251","스테로이드 인류 : 기적과 죽음의 연대기","nlk","#기적과죽음","검토","",""
"251","스테로이드 인류 : 기적과 죽음의 연대기","nlk","#실험과치험","검토","",""
"252","기울어진 문해력 : 끊어진 대화의 시대, 텍스트와 세상을 새롭게 읽는 법","nlk","#문해력저하","유지","",""
"252","기울어진 문해력 : 끊어진 대화의 시대, 텍스트와 세상을 새롭게 읽는 법","nlk","#텍스트읽기","검토","",""
"252","기울어진 문해력 : 끊어진 대화의 시대, 텍스트와 세상을 새롭게 읽는 법","nlk","#미디어시대","검토","",""
"252","기울어진 문해력 : 끊어진 대화의 시대, 텍스트와 세상을 새롭게 읽는 법","nlk","#인문학적위기","검토","",""
"252","기울어진 문해력 : 끊어진 대화의 시대, 텍스트와 세상을 새롭게 읽는 법","nlk","#독서습관","유지","",""
"253","100가지 물건으로 보는 우주의 역사 : NASA 과학자가 선정한 인류의 지혜로운 도구들","nlk","#우주역사","검토","",""
"253","100가지 물건으로 보는 우주의 역사 : NASA 과학자가 선정한 인류의 지혜로운 도구들","nlk","#천체관측","검토","",""
"253","100가지 물건으로 보는 우주의 역사 : NASA 과학자가 선정한 인류의 지혜로운 도구들","nlk","#NASA","검토","",""
"253","100가지 물건으로 보는 우주의 역사 : NASA 과학자가 선정한 인류의 지혜로운 도구들","nlk","#인문과학","검토","",""
"254","감상의 심리학 : 예술 작품을 볼 때 머릿속에서는 무슨일이 벌어질까?","nlk","#예술심리학","검토","",""
"254","감상의 심리학 : 예술 작품을 볼 때 머릿속에서는 무슨일이 벌어질까?","nlk","#뇌와행동","유지","",""
"254","감상의 심리학 : 예술 작품을 볼 때 머릿속에서는 무슨일이 벌어질까?","nlk","#감상과인식","검토","",""
"254","감상의 심리학 : 예술 작품을 볼 때 머릿속에서는 무슨일이 벌어질까?","nlk","#감상의심리학","검토","",""
"255","단역배우 김순효 씨 : 이수정 장편소설","nlk","#단역배우","검토","",""
"255","단역배우 김순효 씨 : 이수정 장편소설","nlk","#모녀관계","검토","",""
"255","단역배우 김순효 씨 : 이수정 장편소설","nlk","#기억과장소","검토","",""
"255","단역배우 김순효 씨 : 이수정 장편소설","nlk","#가족의의미","검토","",""
"255","단역배우 김순효 씨 : 이수정 장편소설","nlk","#한국현대소설","유지","",""
"256","대화를 한다는 것","nlk","#대화의미","검토","",""
"256","대화를 한다는 것","nlk","#경청의기술","검토","",""
"256","대화를 한다는 것","nlk","#인간관계의심리학","검토","",""
"256","대화를 한다는 것","nlk","#의사소통방식","검토","",""
"256","대화를 한다는 것","nlk","#침묵의의미","검토","",""
"257","AI 시대 창의적 인간 : 인간은 어떻게 인공지능과 공존할 것인가","nlk","#인공지능","유지","",""
"257","AI 시대 창의적 인간 : 인간은 어떻게 인공지능과 공존할 것인가","nlk","#창의적인간","검토","",""
"257","AI 시대 창의적 인간 : 인간은 어떻게 인공지능과 공존할 것인가","nlk","#크리지먼트","검토","",""
"257","AI 시대 창의적 인간 : 인간은 어떻게 인공지능과 공존할 것인가","nlk","#인간과AI의협력","검토","",""
"257","AI 시대 창의적 인간 : 인간은 어떻게 인공지능과 공존할 것인가","nlk","#창의성확장","검토","",""
"257","AI 시대 창의적 인간 : 인간은 어떻게 인공지능과 공존할 것인가","nlk","#새로운지평","검토","",""
"258","소풍을 빌려드립니다 : 복합문화공간 : 문하연 장편소설","nlk","#연대와공감","검토","",""
"258","소풍을 빌려드립니다 : 복합문화공간 : 문하연 장편소설","nlk","#호숫가마을","검토","",""
"258","소풍을 빌려드립니다 : 복합문화공간 : 문하연 장편소설","nlk","#위로와치유","검토","",""
"258","소풍을 빌려드립니다 : 복합문화공간 : 문하연 장편소설","nlk","#한국현대소설","유지","",""
"259","AI를 압도하는 내면 경쟁력 : 나의 가능성을 발견하는 7가지 인간다움의 힘","nlk","#인공지능과인간","검토","",""
"259","AI를 압도하는 내면 경쟁력 : 나의 가능성을 발견하는 7가지 인간다움의 힘","nlk","#내면의힘","검토","",""
"259","AI를 압도하는 내면 경쟁력 : 나의 가능성을 발견하는 7가지 인간다움의 힘","nlk","#내면경쟁력","검토","",""
"259","AI를 압도하는 내면 경쟁력 : 나의 가능성을 발견하는 7가지 인간다움의 힘","nlk","#인간다움","검토","",""
"259","AI를 압도하는 내면 경쟁력 : 나의 가능성을 발견하는 7가지 인간다움의 힘","nlk","#심리학","유지","",""
"260","꽃을 공부합니다 : 가드너의 꽃, 문화, 그리고 과학 이야기","nlk","#꽃과생태","검토","",""
"260","꽃을 공부합니다 : 가드너의 꽃, 문화, 그리고 과학 이야기","nlk","#식물과학","검토","",""
"260","꽃을 공부합니다 : 가드너의 꽃, 문화, 그리고 과학 이야기","nlk","#문화와생명","검토","",""
"260","꽃을 공부합니다 : 가드너의 꽃, 문화, 그리고 과학 이야기","nlk","#가드너의탐구","검토","",""
"260","꽃을 공부합니다 : 가드너의 꽃, 문화, 그리고 과학 이야기","nlk","#생명의다양성","검토","",""
"261","다정함이 인격이다 : 임상심리전문가 김선희가 전하는 다정함의 심리학","nlk","#다정함","검토","",""
"261","다정함이 인격이다 : 임상심리전문가 김선희가 전하는 다정함의 심리학","nlk","#다정함의심리학","검토","",""
"261","다정함이 인격이다 : 임상심리전문가 김선희가 전하는 다정함의 심리학","nlk","#다정한관계","검토","",""
"261","다정함이 인격이다 : 임상심리전문가 김선희가 전하는 다정함의 심리학","nlk","#사회적관계","유지","",""
"261","다정함이 인격이다 : 임상심리전문가 김선희가 전하는 다정함의 심리학","nlk","#상담심리","검토","",""
"262","경이로운 한국인","nlk","#한국인","검토","",""
"262","경이로운 한국인","nlk","#문화관찰","검토","",""
"262","경이로운 한국인","nlk","#일상의미","검토","",""
"262","경이로운 한국인","nlk","#사회심리","검토","",""
"262","경이로운 한국인","nlk","#배려의식","검토","",""
"263","언젠가 모든 것은 바다로 떨어진다 : 세라 핀스커 소설집","nlk","#기술과사회","치환","#인공지능",""
"263","언젠가 모든 것은 바다로 떨어진다 : 세라 핀스커 소설집","nlk","#미래사회","치환","#인공지능",""
"263","언젠가 모든 것은 바다로 떨어진다 : 세라 핀스커 소설집","nlk","#SF소설","유지","",""
"263","언젠가 모든 것은 바다로 떨어진다 : 세라 핀스커 소설집","nlk","#인간과기술","검토","",""
"263","언젠가 모든 것은 바다로 떨어진다 : 세라 핀스커 소설집","nlk","#현대인의경험","검토","",""
"264","음식은 넘쳐나고, 인간은 배고프다 : 바츨라프 스밀의 세계를 먹여 살리는 법","nlk","#식량의문제","검토","",""
"264","음식은 넘쳐나고, 인간은 배고프다 : 바츨라프 스밀의 세계를 먹여 살리는 법","nlk","#빈곤과불평등","치환","#불평등사회",""
"264","음식은 넘쳐나고, 인간은 배고프다 : 바츨라프 스밀의 세계를 먹여 살리는 법","nlk","#환경과미래","치환","#기후위기",""
"264","음식은 넘쳐나고, 인간은 배고프다 : 바츨라프 스밀의 세계를 먹여 살리는 법","nlk","#경제의인문학","검토","",""
"264","음식은 넘쳐나고, 인간은 배고프다 : 바츨라프 스밀의 세계를 먹여 살리는 법","nlk","#세계의빈곤","검토","",""
"265","노화도 설계하는 시대가 온다 : AI와 바이오 혁명이 바꾸는 노화의 미래","nlk","#AI기술","검토","",""
"265","노화도 설계하는 시대가 온다 : AI와 바이오 혁명이 바꾸는 노화의 미래","nlk","#바이오혁신","검토","",""
"265","노화도 설계하는 시대가 온다 : AI와 바이오 혁명이 바꾸는 노화의 미래","nlk","#노화연구","유지","",""
"265","노화도 설계하는 시대가 온다 : AI와 바이오 혁명이 바꾸는 노화의 미래","nlk","#유전자편집","유지","",""
"265","노화도 설계하는 시대가 온다 : AI와 바이오 혁명이 바꾸는 노화의 미래","nlk","#생명과학","유지","",""
"266","먼저 온 미래 : AI 이후의 세계를 경험한 사람들","nlk","#인공지능의영향","검토","",""
"266","먼저 온 미래 : AI 이후의 세계를 경험한 사람들","nlk","#바둑과인공지능","검토","",""
"266","먼저 온 미래 : AI 이후의 세계를 경험한 사람들","nlk","#인공지능","유지","",""
"266","먼저 온 미래 : AI 이후의 세계를 경험한 사람들","nlk","#기술과인간","치환","#인공지능",""
"266","먼저 온 미래 : AI 이후의 세계를 경험한 사람들","nlk","#논픽션르포","검토","",""
"267","젊음의 나라 : 손원평 장편소설","nlk","#청년문제","검토","",""
"267","젊음의 나라 : 손원평 장편소설","nlk","#세대갈등","유지","",""
"267","젊음의 나라 : 손원평 장편소설","nlk","#미래사회","치환","#인공지능",""
"267","젊음의 나라 : 손원평 장편소설","nlk","#노인복지","검토","",""
"267","젊음의 나라 : 손원평 장편소설","nlk","#공동체","치환","#사회적관계",""
"268","바닥짐 위의 행복 : 이것이 진정한 행복이다","nlk","#행복의미","검토","",""
"268","바닥짐 위의 행복 : 이것이 진정한 행복이다","nlk","#내면의태도","검토","",""
"268","바닥짐 위의 행복 : 이것이 진정한 행복이다","nlk","#삶의의미","유지","",""
"268","바닥짐 위의 행복 : 이것이 진정한 행복이다","nlk","#정신적행복","검토","",""
"268","바닥짐 위의 행복 : 이것이 진정한 행복이다","nlk","#실존적행복","검토","",""
"269","최재천의 희망 수업 : 그럼에도 오늘을 살아가고 내일을 꿈꿔야 하는 이유","nlk","#통섭형인재","검토","",""
"269","최재천의 희망 수업 : 그럼에도 오늘을 살아가고 내일을 꿈꿔야 하는 이유","nlk","#희망과가치","검토","",""
"269","최재천의 희망 수업 : 그럼에도 오늘을 살아가고 내일을 꿈꿔야 하는 이유","nlk","#희망수업","검토","",""
"269","최재천의 희망 수업 : 그럼에도 오늘을 살아가고 내일을 꿈꿔야 하는 이유","nlk","#생태적삶","검토","",""
"269","최재천의 희망 수업 : 그럼에도 오늘을 살아가고 내일을 꿈꿔야 하는 이유","nlk","#생태적전환","검토","",""
"270","내 생의 가장 아름다운 완성 : 나이 듦과 웰에이징에 관한 9인 교수들의 행복 예찬","nlk","#웰에이징","검토","",""
"270","내 생의 가장 아름다운 완성 : 나이 듦과 웰에이징에 관한 9인 교수들의 행복 예찬","nlk","#나이듦","검토","",""
"270","내 생의 가장 아름다운 완성 : 나이 듦과 웰에이징에 관한 9인 교수들의 행복 예찬","nlk","#행복론","유지","",""
"270","내 생의 가장 아름다운 완성 : 나이 듦과 웰에이징에 관한 9인 교수들의 행복 예찬","nlk","#노년의삶","검토","",""
"270","내 생의 가장 아름다운 완성 : 나이 듦과 웰에이징에 관한 9인 교수들의 행복 예찬","nlk","#성숙의길","검토","",""
"271","행복 호르몬 : 무기력, 불안, 우울, 고통을 극복하는 내 안의 힘","nlk","#뇌와행동","유지","",""
"271","행복 호르몬 : 무기력, 불안, 우울, 고통을 극복하는 내 안의 힘","nlk","#신체심리학","검토","",""
"271","행복 호르몬 : 무기력, 불안, 우울, 고통을 극복하는 내 안의 힘","nlk","#임상심리학","검토","",""
"271","행복 호르몬 : 무기력, 불안, 우울, 고통을 극복하는 내 안의 힘","nlk","#현대인의불안","유지","",""
"271","행복 호르몬 : 무기력, 불안, 우울, 고통을 극복하는 내 안의 힘","nlk","#행복호르몬","검토","",""
"271","행복 호르몬 : 무기력, 불안, 우울, 고통을 극복하는 내 안의 힘","nlk","#일상속작은변화","검토","",""
"271","행복 호르몬 : 무기력, 불안, 우울, 고통을 극복하는 내 안의 힘","nlk","#일상의행복","유지","",""
"272","단단한 행복 : 아리스토텔레스에게 배우는 행복에 관한 철학 수업","nlk","#아리스토텔레스","검토","",""
"272","단단한 행복 : 아리스토텔레스에게 배우는 행복에 관한 철학 수업","nlk","#행복의철학","유지","",""
"272","단단한 행복 : 아리스토텔레스에게 배우는 행복에 관한 철학 수업","nlk","#가치있는삶","검토","",""
"272","단단한 행복 : 아리스토텔레스에게 배우는 행복에 관한 철학 수업","nlk","#본질적행복","검토","",""
"272","단단한 행복 : 아리스토텔레스에게 배우는 행복에 관한 철학 수업","nlk","#영혼의성장","검토","",""
"273","아주 오래된 행복론","nlk","#행복론","유지","",""
"273","아주 오래된 행복론","nlk","#알랭","검토","",""
"273","아주 오래된 행복론","nlk","#철학적단상","검토","",""
"273","아주 오래된 행복론","nlk","#습관의힘","검토","",""
"273","아주 오래된 행복론","nlk","#프로포","검토","",""
"274","회복탄력성의 뇌과학 : 하버드대 의사가 알려주는 5가지 회복탄력성 리셋 버튼","nlk","#뇌과학","유지","",""
"274","회복탄력성의 뇌과학 : 하버드대 의사가 알려주는 5가지 회복탄력성 리셋 버튼","nlk","#회복탄력성","유지","",""
"274","회복탄력성의 뇌과학 : 하버드대 의사가 알려주는 5가지 회복탄력성 리셋 버튼","nlk","#스트레스관리","유지","",""
"274","회복탄력성의 뇌과학 : 하버드대 의사가 알려주는 5가지 회복탄력성 리셋 버튼","nlk","#심리적회복","유지","",""
"274","회복탄력성의 뇌과학 : 하버드대 의사가 알려주는 5가지 회복탄력성 리셋 버튼","nlk","#건강한습관","검토","",""
"275","파이어드 : 부의 해방일지","nlk","#경제적자유","검토","",""
"275","파이어드 : 부의 해방일지","nlk","#파이어족","검토","",""
"275","파이어드 : 부의 해방일지","nlk","#불확실한시대","검토","",""
"275","파이어드 : 부의 해방일지","nlk","#행복의가치","검토","",""
"275","파이어드 : 부의 해방일지","nlk","#경제적독립","검토","",""
"276","파란색 미술관 : 감정에 푸른 물결을 일으킨 15인의 화가들","nlk","#파란색미술","검토","",""
"276","파란색 미술관 : 감정에 푸른 물결을 일으킨 15인의 화가들","nlk","#감성미술","검토","",""
"276","파란색 미술관 : 감정에 푸른 물결을 일으킨 15인의 화가들","nlk","#현실과환상","검토","",""
"276","파란색 미술관 : 감정에 푸른 물결을 일으킨 15인의 화가들","nlk","#예술가와감정","검토","",""
"276","파란색 미술관 : 감정에 푸른 물결을 일으킨 15인의 화가들","nlk","#색채심리","검토","",""
"277","내게 남은 스물다섯 번의 계절 : 슈테판 셰퍼 소설","nlk","#스물다섯","검토","",""
"277","내게 남은 스물다섯 번의 계절 : 슈테판 셰퍼 소설","nlk","#트라우마","검토","",""
"277","내게 남은 스물다섯 번의 계절 : 슈테판 셰퍼 소설","nlk","#괴짜농부","검토","",""
"277","내게 남은 스물다섯 번의 계절 : 슈테판 셰퍼 소설","nlk","#회복","검토","",""
"277","내게 남은 스물다섯 번의 계절 : 슈테판 셰퍼 소설","nlk","#사회적관계","유지","",""
"278","고흐로 읽는 심리수업","nlk","#고흐","검토","",""
"278","고흐로 읽는 심리수업","nlk","#심리분석","검토","",""
"278","고흐로 읽는 심리수업","nlk","#예술과정신","검토","",""
"278","고흐로 읽는 심리수업","nlk","#자기성찰","유지","",""
"278","고흐로 읽는 심리수업","nlk","#감정의탐구","검토","",""
"279","미래를 여행하는 회의주의자를 위한 안내서 : 오늘의 과학으로 내일을 상상하는 법","nlk","#미래예측","검토","",""
"279","미래를 여행하는 회의주의자를 위한 안내서 : 오늘의 과학으로 내일을 상상하는 법","nlk","#미래기술","치환","#인공지능",""
"279","미래를 여행하는 회의주의자를 위한 안내서 : 오늘의 과학으로 내일을 상상하는 법","nlk","#과학적상상","검토","",""
"279","미래를 여행하는 회의주의자를 위한 안내서 : 오늘의 과학으로 내일을 상상하는 법","nlk","#미래학","검토","",""
"279","미래를 여행하는 회의주의자를 위한 안내서 : 오늘의 과학으로 내일을 상상하는 법","nlk","#더나은미래","검토","",""
"280","영원을 향하여 : 안톤 허 장편소설","nlk","#불멸","검토","",""
"280","영원을 향하여 : 안톤 허 장편소설","nlk","#영원","검토","",""
"280","영원을 향하여 : 안톤 허 장편소설","nlk","#과학과윤리","검토","",""
"280","영원을 향하여 : 안톤 허 장편소설","nlk","#기억과정체성","유지","",""
"280","영원을 향하여 : 안톤 허 장편소설","nlk","#근미래사회","검토","",""
"281","구멍 난 세계 : 우리 세계에 뚫린 구멍에 관한 이야기","nlk","#상실의고통","검토","",""
"281","구멍 난 세계 : 우리 세계에 뚫린 구멍에 관한 이야기","nlk","#기행문","검토","",""
"281","구멍 난 세계 : 우리 세계에 뚫린 구멍에 관한 이야기","nlk","#아프리카여행","검토","",""
"281","구멍 난 세계 : 우리 세계에 뚫린 구멍에 관한 이야기","nlk","#삶의구멍","검토","",""
"281","구멍 난 세계 : 우리 세계에 뚫린 구멍에 관한 이야기","nlk","#무기력감","검토","",""
"282","낯섦과 공존 : AI 시대의 세계관 확장 수업","nlk","#인공지능","유지","",""
"282","낯섦과 공존 : AI 시대의 세계관 확장 수업","nlk","#세계관확장","검토","",""
"282","낯섦과 공존 : AI 시대의 세계관 확장 수업","nlk","#낯선기술","검토","",""
"282","낯섦과 공존 : AI 시대의 세계관 확장 수업","nlk","#공존의방식","검토","",""
"282","낯섦과 공존 : AI 시대의 세계관 확장 수업","nlk","#기술과인간","치환","#인공지능",""
"283","나는 다시 나를 설계하기로 했다 : 독일 최고의 멘탈 코치가 증명한 생각·행동·습관 설계의 핵심 52","nlk","#습관설계","검토","",""
"283","나는 다시 나를 설계하기로 했다 : 독일 최고의 멘탈 코치가 증명한 생각·행동·습관 설계의 핵심 52","nlk","#뇌과학과행동","검토","",""
"283","나는 다시 나를 설계하기로 했다 : 독일 최고의 멘탈 코치가 증명한 생각·행동·습관 설계의 핵심 52","nlk","#자기계발","검토","",""
"283","나는 다시 나를 설계하기로 했다 : 독일 최고의 멘탈 코치가 증명한 생각·행동·습관 설계의 핵심 52","nlk","#멘탈코칭","검토","",""
"283","나는 다시 나를 설계하기로 했다 : 독일 최고의 멘탈 코치가 증명한 생각·행동·습관 설계의 핵심 52","nlk","#개인정신","검토","",""
"284","뒷마당 탐조 클럽","nlk","#자연과공존","치환","#기후위기",""
"284","뒷마당 탐조 클럽","nlk","#소설가의일상","검토","",""
"284","뒷마당 탐조 클럽","nlk","#뒷마당탐조","검토","",""
"284","뒷마당 탐조 클럽","nlk","#조류관찰","유지","",""
"285","철학자 16인의 인생수업 : MBTI로 만나는 각양각색 인생 답안지","nlk","#철학","유지","",""
"285","철학자 16인의 인생수업 : MBTI로 만나는 각양각색 인생 답안지","nlk","#MBTI","검토","",""
"285","철학자 16인의 인생수업 : MBTI로 만나는 각양각색 인생 답안지","nlk","#인생의방향","유지","",""
"285","철학자 16인의 인생수업 : MBTI로 만나는 각양각색 인생 답안지","nlk","#철학자와인생","검토","",""
"285","철학자 16인의 인생수업 : MBTI로 만나는 각양각색 인생 답안지","nlk","#소크라테스","검토","",""
"286","빛을 먹는 존재들 : 온몸으로 경험하고 세상에 파고드는 식물지능의 경이로운 세계","nlk","#식물지능","검토","",""
"286","빛을 먹는 존재들 : 온몸으로 경험하고 세상에 파고드는 식물지능의 경이로운 세계","nlk","#계략과생존","검토","",""
"286","빛을 먹는 존재들 : 온몸으로 경험하고 세상에 파고드는 식물지능의 경이로운 세계","nlk","#생태계의소통","검토","",""
"286","빛을 먹는 존재들 : 온몸으로 경험하고 세상에 파고드는 식물지능의 경이로운 세계","nlk","#환경과학","치환","#기후위기",""
"286","빛을 먹는 존재들 : 온몸으로 경험하고 세상에 파고드는 식물지능의 경이로운 세계","nlk","#계통발달","검토","",""
"287","코다 : 내가 살아가는 두 세계","nlk","#청인","검토","",""
"287","코다 : 내가 살아가는 두 세계","nlk","#가족의소통","검토","",""
"287","코다 : 내가 살아가는 두 세계","nlk","#감각의차이","검토","",""
"287","코다 : 내가 살아가는 두 세계","nlk","#농인부모","검토","",""
"287","코다 : 내가 살아가는 두 세계","nlk","#소통과이해","검토","",""
"288","노 피플 존 : 정이현 소설","nlk","#관계의고립","검토","",""
"288","노 피플 존 : 정이현 소설","nlk","#도시의욕망","검토","",""
"288","노 피플 존 : 정이현 소설","nlk","#모순적감정","검토","",""
"288","노 피플 존 : 정이현 소설","nlk","#사회구조","검토","",""
"288","노 피플 존 : 정이현 소설","nlk","#일상의균열","검토","",""
"289","브랜드 코드 : 베타라이프 : 일상에서 답을 찾는 브랜딩 인사이트","nlk","#브랜딩","검토","",""
"289","브랜드 코드 : 베타라이프 : 일상에서 답을 찾는 브랜딩 인사이트","nlk","#베타라이프","검토","",""
"289","브랜드 코드 : 베타라이프 : 일상에서 답을 찾는 브랜딩 인사이트","nlk","#일상브랜딩","검토","",""
"289","브랜드 코드 : 베타라이프 : 일상에서 답을 찾는 브랜딩 인사이트","nlk","#컨설팅","검토","",""
"289","브랜드 코드 : 베타라이프 : 일상에서 답을 찾는 브랜딩 인사이트","nlk","#완벽추구","검토","",""
"290","잠시 멈춤 : 논쟁은 줄이고 소통은 더하는 대화의 원칙","nlk","#대화의원칙","검토","",""
"290","잠시 멈춤 : 논쟁은 줄이고 소통은 더하는 대화의 원칙","nlk","#소통의기술","검토","",""
"290","잠시 멈춤 : 논쟁은 줄이고 소통은 더하는 대화의 원칙","nlk","#갈등해결","검토","",""
"290","잠시 멈춤 : 논쟁은 줄이고 소통은 더하는 대화의 원칙","nlk","#경청의중요성","검토","",""
"290","잠시 멈춤 : 논쟁은 줄이고 소통은 더하는 대화의 원칙","nlk","#관계의심리학","검토","",""
"291","호랑이는 숲에 살지 않는다 : 멸종, 공존 그리고 자연의 질서에 관한 이야기","nlk","#호랑이보전","검토","",""
"291","호랑이는 숲에 살지 않는다 : 멸종, 공존 그리고 자연의 질서에 관한 이야기","nlk","#생태계파괴","유지","",""
"291","호랑이는 숲에 살지 않는다 : 멸종, 공존 그리고 자연의 질서에 관한 이야기","nlk","#공존과생명","검토","",""
"291","호랑이는 숲에 살지 않는다 : 멸종, 공존 그리고 자연의 질서에 관한 이야기","nlk","#보전생물학","검토","",""
"291","호랑이는 숲에 살지 않는다 : 멸종, 공존 그리고 자연의 질서에 관한 이야기","nlk","#자연의질서","검토","",""
"292","넥스트 씽킹 : 노벨물리학상 수상자의 사고 대전환 프로젝트","nlk","#정보의신뢰","검토","",""
"292","넥스트 씽킹 : 노벨물리학상 수상자의 사고 대전환 프로젝트","nlk","#사고의전환","검토","",""
"292","넥스트 씽킹 : 노벨물리학상 수상자의 사고 대전환 프로젝트","nlk","#확증편향","검토","",""
"292","넥스트 씽킹 : 노벨물리학상 수상자의 사고 대전환 프로젝트","nlk","#과학적사고법","검토","",""
"293","茶가일상 : 차 한잔에 이렇게 재미있는 역사·문화·예술·영화 스토리가?","nlk","#차의역사","검토","",""
"293","茶가일상 : 차 한잔에 이렇게 재미있는 역사·문화·예술·영화 스토리가?","nlk","#차이야기","검토","",""
"293","茶가일상 : 차 한잔에 이렇게 재미있는 역사·문화·예술·영화 스토리가?","nlk","#아편전쟁","검토","",""
"293","茶가일상 : 차 한잔에 이렇게 재미있는 역사·문화·예술·영화 스토리가?","nlk","#영화와차","검토","",""
"293","茶가일상 : 차 한잔에 이렇게 재미있는 역사·문화·예술·영화 스토리가?","nlk","#차덕후","검토","",""
"293","茶가일상 : 차 한잔에 이렇게 재미있는 역사·문화·예술·영화 스토리가?","nlk","#문화와예술","유지","",""
