book_id,title,source,has_novel_tag,is_childrens,suspect_tags,tags,is_novel,note
7,나의 친구들,notion,FALSE,FALSE,#성장소설 #소설의향기,#청소년우정 #성장소설 #인간관계 #소설의향기 #14살의존재,Y,
12,제철의 셰프,notion,FALSE,FALSE,#음식의인문학,#음식의인문학 #제철요리 #셰프의삶 #식문화 #계절과음식,,
55,정전,notion,FALSE,FALSE,#문학의세계,#문학의세계 #인간의고독 #예술과고통,Y,
72,조선의 싱어송라이터,notion,FALSE,FALSE,#음악과문학의만남,#조선시대음악 #역사속예술가 #음악과문학의만남 #민족음악의정체 #문화와예술,,
85,잠과 영혼,notion,FALSE,FALSE,#SF소설,#SF소설 #로봇과영혼 #복제인간 #정체성 #인공지능,Y,
88,고백 보험을 해지합니다,notion,FALSE,FALSE,#청소년소설 #SF소설 #문학,#인공지능 #청소년 #고백보험 #기술과인간 #청소년소설 #SF소설 #문학,Y,
90,"할머니, 개, 그리고 죽도록 쓰기",notion,FALSE,FALSE,#문학적자서전,#할머니와글쓰기 #죽도록쓰기 #개와인생 #문학적자서전 #기억과상실,,
100,근접한 세계,notion,FALSE,FALSE,#서구문학,#윤리적딜레마 #한국사회 #일본사회 #서구문학 #인간관계,Y,
114,구름 사람들,notion,FALSE,FALSE,#문학작품,#구름사람들 #빈민가 #가난의상상 #사회적불평등 #문학작품,Y,
131,마지막 홍콩배우 양조위,notion,FALSE,FALSE,#영화의인문학,#양조위 #홍콩영화 #영화의인문학 #한국예술 #배우의삶,,
140,재미의 조건,notion,FALSE,FALSE,#스크린의인문학,#영화의조건 #류승완의작품 #스크린의인문학 #창작의욕망 #예술가세계,,
146,오종찬 기자의 Oh! 컷,notion,FALSE,FALSE,#사진의인문학,#사진의인문학 #예술가의삶 #20년차기자 #빛나는순간,,
147,보이지 않는 코끼리,notion,FALSE,FALSE,#몽환적인문학,#보이지않는코끼리 #기억과정체 #예술과자아 #몽환적인문학,,
157,허균의 맛,notion,FALSE,FALSE,#역사속식문학,#조선시대음식 #역사속식문학 #음식문화 #방풍죽,,
164,천문대에 피아노가 떨어졌다,notion,FALSE,FALSE,#천문학,#천문학 #예술과삶 #상상력 #경계의미학,,
175,과학에서 인문학을 만나다 : 챗GPT의 시대 인문학에서 답을 찾다,nlk,FALSE,FALSE,#기술과인문학 #인문학적사고,#인공지능의윤리 #기술과인문학 #챗GPT의시대 #초지능의가능성 #인문학적사고,,
180,우세한 책들 : 우리가 사는 세상을 위한 책 읽기,nlk,FALSE,FALSE,#인문학적성찰,#사회적문제 #사회학적통찰 #인문학적성찰 #세상탐구 #사회적불안,,
182,나의 문학 답사 일지 : 배움을 찾아 떠난 국문학자의 여행,nlk,FALSE,FALSE,#국문학의여행 #문학과역사 #문학기행,#국문학의여행 #문학과역사 #춘향전남원 #탁류군산 #문학기행,,
184,도시의 맛 : 인문학이 살아있는 도시여행 큐레이션,nlk,FALSE,FALSE,#도시의인문학 #여행의인문학 #미식과인문학,#도시의인문학 #여행의인문학 #문화의다양성 #도시와문화 #미식과인문학,,
186,우리가 우주에 가야 하는 이유,nlk,FALSE,FALSE,#인문학적우주론,#우주여행 #미래과학 #태양계탐사 #인문학적우주론 #기술과인류,,
189,지리학자의 열대 인문여행 : 야만과 지상낙원이라는 편견에 갇힌 열대의 진짜 모습을 만나다,nlk,FALSE,FALSE,#인문학적탐구,#열대지리학 #인문학적탐구 #야만과지상낙원 #열대의진실 #지리적인식,,
201,한 사람의 노래가 온 거리에 노래를 : 창비시선 500 특별시선집,nlk,FALSE,FALSE,#시의인문학,#시의인문학 #노래와예술 #한국시사상,,
203,재뉴어리의 푸른 문 : 앨릭스 E. 해로우 장편소설,nlk,FALSE,FALSE,#판타지소설 #문학적모험,#판타지소설 #문학적모험 #고고학 #세상과의소통 #가족관계,Y,
207,쓰게 될 것 : 최진영 소설집,nlk,FALSE,FALSE,#한국현대소설,#기후위기 #인공지능의문제 #현대인의불안 #전쟁의참혹 #한국현대소설,Y,
223,오렌지와 빵칼 : 청예 장편소설,nlk,FALSE,FALSE,#미스터리소설,#인간내면의갈등 #정서조절 #유치원과교육 #억압과해방 #미스터리소설,Y,
224,위대한 관찰 : 곤충학자이길 거부했던 자연주의자 장 앙리 파브르의 말과 삶,nlk,FALSE,FALSE,#인문학적자연,#파브르곤충기 #자연주의 #관찰과기록 #생물다양성 #인문학적자연,,
232,지명발견록 : 우리 땅 이름의 숨겨진 이야기,nlk,FALSE,FALSE,#시인과인문학,#지명과이름 #고유어의미 #역사속지명 #언어와문화 #시인과인문학,,
236,나의 작은 나라 : 가엘 파유 장편소설,nlk,FALSE,FALSE,#자전적소설,#부룬디내전 #자전적소설 #어린시절의기억 #고통과상실 #희망과연대,Y,
245,"인간 문명의 네 가지 법칙 : 에너지, 혁신, 협력, 진화가 역사의 방향을 결정한다",nlk,FALSE,FALSE,#인문학적사고,#문명과진화 #에너지시스템 #혁신과발전 #협력과진화 #인문학적사고,,
246,살아갈 날들을 위한 괴테의 시,nlk,FALSE,FALSE,#문학으로본인간,#괴테 #삶의희망 #인생의방향 #문학으로본인간 #예술가의삶,,
252,"기울어진 문해력 : 끊어진 대화의 시대, 텍스트와 세상을 새롭게 읽는 법",nlk,FALSE,FALSE,#인문학적위기,#문해력저하 #텍스트읽기 #미디어시대 #인문학적위기 #독서습관,,
255,단역배우 김순효 씨 : 이수정 장편소설,nlk,FALSE,FALSE,#한국현대소설,#단역배우 #모녀관계 #기억과장소 #가족의의미 #한국현대소설,Y,
258,소풍을 빌려드립니다 : 복합문화공간 : 문하연 장편소설,nlk,FALSE,FALSE,#한국현대소설,#연대와공감 #호숫가마을 #위로와치유 #한국현대소설,Y,
263,언젠가 모든 것은 바다로 떨어진다 : 세라 핀스커 소설집,nlk,FALSE,FALSE,#SF소설,#기술과사회 #미래사회 #SF소설 #인간과기술 #현대인의경험,Y,
264,"음식은 넘쳐나고, 인간은 배고프다 : 바츨라프 스밀의 세계를 먹여 살리는 법",nlk,FALSE,FALSE,#경제의인문학,#식량의문제 #빈곤과불평등 #환경과미래 #경제의인문학 #세계의빈곤,,
284,뒷마당 탐조 클럽,nlk,FALSE,FALSE,#소설가의일상,#자연과공존 #소설가의일상 #뒷마당탐조 #조류관찰,,
2,독학이라는 세계,notion,FALSE,FALSE,,#AI시대 #학습의의미 #자기성찰 #지적탐구,,
3,러시아가 승리한다면,notion,FALSE,FALSE,,#러시아 #미국전략 #동서전쟁 #국제정세 #힘의균형,,
4,러시아 제국 연구,notion,FALSE,FALSE,,#러시아제국 #제국주의시대 #역사연구 #동유럽역사 #러시아사회,,
5,슬픈 살인,notion,FALSE,FALSE,,#조현병 #정신질환 #정신건강 #사회적고립 #예일대,,
8,호모 카르보,notion,FALSE,FALSE,,#탄소발자국 #호모카르보 #기후변화 #환경문제 #지속가능한사회,,
10,로봇의 미래,notion,FALSE,FALSE,,#인공지능 #로봇윤리 #기술과사회 #미래사회 #AI의미래,,
11,숲으로 출근합니다,notion,FALSE,FALSE,,#숲과도시 #기술과생태 #자연과의교감 #환경과학 #도시인의여유,,
13,아버지 없는 세상의 아들들,notion,FALSE,FALSE,,#아버지의부재 #성애철학 #내면의여성 #존재론적불안 #현대인의고독,,
14,빛의 광장의 기록,notion,FALSE,FALSE,,#촛불집회 #광장의기록 #민주주의 #시민운동 #역사적기록,,
15,슬픈 호랑이,notion,FALSE,FALSE,,#아동성폭력 #글쓰기의치유 #호랑이의슬픔 #피해자성찰 #정신적고통,,
16,만국의 악당,notion,FALSE,FALSE,,#해적의역사 #국가와해방 #대안적사회 #탈권력 #역사적반항,,
17,아포칼립스,notion,FALSE,FALSE,,#흑사병 #신분제 #역사적종말 #대유행 #인류의위기,,
18,아이들이 쉬는 숨,notion,FALSE,FALSE,,#기후위기 #아이들의건강 #환경문제 #과학과미래 #호흡기질환,,
19,수상할 만큼 완벽한 결혼식,notion,FALSE,FALSE,,#결혼의사회 #K웨딩 #정상성 #예비부부 #규격화된결혼,,
20,늙지 않는 몸,notion,FALSE,FALSE,,#노화방지 #생명과학 #건강기술 #체내기전 #수명연구,,
21,교육은 유전을 이길 수 있는가,notion,FALSE,FALSE,,#유전의시대 #교육과사회 #생물학적다양성 #뇌과학과교육 #진화론적고찰,,
22,욕망의 음식,notion,FALSE,FALSE,,#중세기독교 #욕망의식각 #음식의역사 #침고이는이야기 #식습치의미,,
23,오버씽킹,notion,FALSE,FALSE,,#오버씽킹 #인지왜곡 #비판적사고 #심리적안전 #자기조절,,
24,엄마가 된 걸 후회한다고 말했다,notion,FALSE,FALSE,,#엄마의후회 #출산후조현상 #여성의삶 #가족관계 #양육의고민,,
25,돈 주운 자의 최후,notion,FALSE,FALSE,,#돈의가치 #탐욕과도덕 #잃어버린소중함 #인간의본성 #나눔과공감,,
26,다정함의 배신,notion,FALSE,FALSE,,#다정함의배신 #착취전략 #인간관계 #사회심리학 #도덕의심리,,
27,매일 아침 나는 텃밭에 간다,notion,FALSE,FALSE,,#텃밭과일상 #농촌생활 #자연과의연결 #정체성탐구 #일상의의미,,
28,F1 더 포뮬러,notion,FALSE,FALSE,,#F1레이싱 #자동차스포츠 #경쟁전략 #기술과예술 #스포츠심리학,,
29,결혼 옵션 세대,notion,FALSE,FALSE,,#청년세대 #여성과결혼 #결혼의변화 #저출생문제 #구조적문제,,
30,과학하는 인간의 태도,notion,FALSE,FALSE,,#과학자들의태도 #자연과학의기원 #과학적사고방식 #인간과과학 #과학적탐구,,
32,"여자, 기록을 가로채다",notion,FALSE,FALSE,,#한국사속여성 #기록의역학 #여성의삶의기록 #기생과여성 #역사속주체적여성 #역사기록,,
33,나라는 사람,notion,FALSE,FALSE,,#국가와인간 #국가와정체성 #사회적고립 #개인의삶 #정체성위기,,
34,남성 판타지,notion,FALSE,FALSE,,#남성판타지 #파시즘 #심리적기원 #역사적근원 #정치적심리,,
35,전범선의 한국사 테라피,notion,FALSE,FALSE,,#한국사 #전쟁과정치 #역사의치유 #증오와갈등 #역사의메마림,,
37,약속의 세대,notion,FALSE,FALSE,,#세대정치 #믿음의문제 #어른의예술 #회복탄력성 #자아성찰,,
38,"4·3, 아카이브로 본 역사",notion,FALSE,FALSE,,#4·3사건 #역사적기록 #아카이브의역사 #민중투쟁 #역사학연구,,
39,"4·3, 기억의 폭풍 속으로",notion,FALSE,FALSE,,#4·3사건 #역사적기억 #민중항쟁 #전라남도 #기억과정치,,
40,이향인,notion,FALSE,FALSE,,#현대인의불안 #상실이후의삶 #뇌와행동 #본성과자유의지 #경계에선사람들,,
41,고규홍의 나무,notion,FALSE,FALSE,,#생태시스템 #자연과공존 #역사속일상 #환경과미래 #나무,,
42,이토록 멋진 한화이글스,notion,FALSE,FALSE,,#한화이글스 #스포츠팬덤 #팬심과정신 #야구의사회학 #꼴찌팀의힘,,
43,국가는 무엇으로 싸우는가,notion,FALSE,FALSE,,#미국외교 #전쟁전략 #국가안보 #미중갈등 #국제질서,,
44,자유와 평등,notion,FALSE,FALSE,,#자유와평등 #불평등의이유 #사회정책 #철학적사고 #경제적격차,,
45,대등생극론,notion,FALSE,FALSE,,#대등생극 #철학사상 #인정의문제 #균형과조화,,
47,인류학자처럼 생각하는 법,notion,FALSE,FALSE,,#인류학적사고 #문명과야만 #전쟁이론 #동서양비교 #문화적갈등,,
49,연민에 관하여,notion,FALSE,FALSE,,#연민의가치 #인간의마음 #법과윤리 #판사의책임 #공감의미,,
50,우리의 삶은 제조된다,notion,FALSE,FALSE,,#제조된삶 #공급망의역설 #위기관리 #대체망 #사회시스템,,
51,우리가 마지막 순간을 함께할 수 있을까,notion,FALSE,FALSE,,#사랑과관계 #성소수자 #퀴어 #돌봄과애도 #관계의다양성 #사회적안전망 #에세이,,
52,무조건 항복 미술관,notion,FALSE,FALSE,,#망명자 #미술관 #시간의흐름 #인간의운명 #반체제사회,,
53,갈림길의 일본,notion,FALSE,FALSE,,#다카이치현상 #재일인 #정체성 #사회변화,,
54,마리아 지뷜라 메리안,notion,FALSE,FALSE,,#생태시스템 #자연과공존 #환경과미래 #뇌와행동 #마리아지뷜라메리안,,
56,엄마와 딸들의 미친년의 역사,notion,FALSE,FALSE,,#가족사 #미치심 #여성의삶 #인간관계,,
57,그건 가스라이팅이 아니다,notion,FALSE,FALSE,,#가스라이팅 #심리적조작 #관계의문제 #인간관계 #정신건강,,
58,인생여전,notion,FALSE,FALSE,,#노동의문제 #생계와삶 #빈부격차 #사회적불평등 #일과정체,,
59,청바지,notion,FALSE,FALSE,,#청바지 #산업과문화 #젠더정치 #노동의상징 #모순과저항,,
60,모든 새를 보았다고 믿은 남자,notion,FALSE,FALSE,,#조류학 #자연탐구 #탐험가 #과학사 #생태계,,
61,극우의 시대,notion,FALSE,FALSE,,#극우정치 #미국정치 #보수주의 #정치적극화 #공화당,,
62,살면서 한번은 벽돌책,notion,FALSE,FALSE,,#벽돌책 #독서경험 #학습방법,,
64,서양국제정치사상,notion,FALSE,FALSE,,#서양국제정치사상 #정치철학 #제국주의 #자유주의 #국제관계,,
66,요즘 메인세대,notion,FALSE,FALSE,,#MZ세대 #세대갈등 #사회변화 #세대정체성 #세대와경제,,
67,한 사람에게,notion,FALSE,FALSE,,#한사람에게 #존재의의미 #멸종위기 #애도사 #인간의고독,,
68,마음의 주인은 언제나 나야,notion,FALSE,FALSE,,#마음의주인 #자아존중감 #감정인식 #성장과정 #자기탐구,,
69,게이트우드 할머니의 발자국,notion,FALSE,FALSE,,#애팔래치아트레일 #할머니의산책 #삶의여정 #노년의도전 #자연과의교감,,
70,삶에게 웃으며 말 거는 법,notion,FALSE,FALSE,,#삶의의미 #긍정심리 #유머와행복 #마음가짐의중요성 #철학적성찰,,
71,환상 공화국의 카퍼레이드,notion,FALSE,FALSE,,#카퍼레이드 #공화국 #열망과과시 #역사적행위 #사회문화비판 #문화비평,,
73,"뉘른베르크, 나치와 정신과 의사",notion,FALSE,FALSE,,#나치즘 #정신과역사 #뉘른베르크재판 #악의학습 #파시즘의진화,,
74,랜드 파워,notion,FALSE,FALSE,,#땅의불평등 #토지개혁 #자본주의와땅 #권력과토지 #계몽주의,,
75,기독교 - 이슬람 전쟁사,notion,FALSE,FALSE,,#기독교역사 #이슬람전쟁사 #종교전쟁 #서구사관 #종교전쟁사본류,,
77,"로봇, 그리고 로봇을 사랑하는 사람들",notion,FALSE,FALSE,,#로봇과인간 #인간과AI #로봇과인간의관계 #소셜로봇 #미래사회,,
78,밥 짓는 여자들,notion,FALSE,FALSE,,#급식노동자 #차별과사회 #여성의노동 #식량문제 #사회불평등,,
79,메일맨,notion,FALSE,FALSE,,#우편배달 #산골생활 #육체노동 #새로운삶 #행복의탐구,,
80,"이도영, 한국 근대미술의 설계자",notion,FALSE,FALSE,,#한국근대미술 #이도영 #미술사 #설계자,,
81,네가 찾아올 때까지,notion,FALSE,FALSE,,#네온사인 #어린이의마음 #상실과애착 #성장과탐색 #감성적교감,,
82,젠더의 경계를 넘는 아이들,notion,FALSE,FALSE,,#젠더의경계 #아이들의발달 #성별불규칙 #다양한성정체 #젠더정의,,
83,칭기스 칸에서 티무르까지,notion,FALSE,FALSE,,#몽골제국 #티무르왕조 #이슬람세계 #중세시대 #황금유령,,
84,언제나 개나리,notion,FALSE,FALSE,,#개나리 #자연과공존 #생태시스템 #봄의상징 #어린이그림,,
86,괴테의 인생 강의,notion,FALSE,FALSE,,#인생의철학 #번아웃 #자기성찰 #로마와인생,,
87,로저 프라이,notion,FALSE,FALSE,,#로저프라이 #세잔마티스 #현대미술이론 #미술비평 #예술가의시선,,
89,언어는 어떻게 인간을 바꾸는가,notion,FALSE,FALSE,,#언어와인간관계 #언어와심리 #문화심리학 #의사소통과윤리 #언어의사회영향,,
91,자연은 성을 둘로 나누지 않는다,notion,FALSE,FALSE,,#생물학적다양성 #정상성과폭력 #젠더와이론 #자아성찰과회복 #비판적사유,,
92,발해 로드,notion,FALSE,FALSE,,#고구려역사 #대륙교류 #해양제국 #발해역사 #한국고대역사,,
93,박정희 이데올로기,notion,FALSE,FALSE,,#박정희 #이데올로기 #한국역사 #정치이념,,
94,영화의 언어,notion,FALSE,FALSE,,#영화의언어 #미학적분석 #감각의디체 #영화제작기술 #영화와예술,,
95,전쟁 충동,notion,FALSE,FALSE,,#전쟁심리 #인간본성과폭력 #유전적충동 #대량학살의기원 #전쟁의사회학적원인,,
96,노바디스 걸,notion,FALSE,FALSE,,#엡스타인스캔들 #피해자경험 #성폭력과사회 #권력남용 #정신적외상,,
97,"조각나고 찢긴,",notion,FALSE,FALSE,,#가부장제 #메두사 #뱀파이어 #여성해방,Y,
98,왜 극우는 기후위기를 부정하는가,notion,FALSE,FALSE,,#극우주의 #기후위기 #정치적편향 #성장경제 #환경정책,,
99,바로크의 로마,notion,FALSE,FALSE,,#바로크예술 #로마역사 #가톨릭교회 #예술과종교 #17세기미술 #문화와예술,,
101,만약 세상에서 까마귀가 사라진다면,notion,FALSE,FALSE,,#까마귀 #생태계 #생태계파괴 #환경문제 #생명존중,,
102,건강 구독 사회,notion,FALSE,FALSE,,#건강구독사회 #항산화·디톡스 #영양제섭취 #건강관리루틴 #기술과건강,,
103,좋은 삶을 위해 죽음을 묻다,notion,FALSE,FALSE,,#죽음과삶 #철학적사고 #삶의의미 #죽음에대한관념 #인생의방향,,
104,삶의 끝에서 만난 수업,notion,FALSE,FALSE,,#삶의의미 #죽음과철학 #실존적고민 #해체주의사상 #변증법적성찰,,
106,전업자녀,notion,FALSE,FALSE,,#전업자녀 #가족경제 #세대갈등 #사회경제적불평등 #미래의삶,,
108,"소유하기, 소유되기",notion,FALSE,FALSE,,#소유와노예 #현대사회와소유 #율라비스작품 #김명남옮김 #물물교환의미,,
109,패티(Patti),notion,FALSE,FALSE,,#개인주의 #미국사회 #여성예술가 #자기성찰 #예술과삶,,
110,언어의 본질,notion,FALSE,FALSE,,#언어의본질 #언어철학 #의식과언어 #의미와표상 #언어의사회적기능,,
112,한용운·신채호,notion,FALSE,FALSE,,#한용운·신채호 #위기사상 #전지구적위기 #역사적사상,,
113,나는 이완용의 글씨가 궁금했다,notion,FALSE,FALSE,,#이완용 #한글서예 #일본과의교류 #역사적인글씨 #민족정체성,,
115,월급 받으려다 죽다,notion,FALSE,FALSE,,#월급쟁이의고통 #일터의문제 #심리적고립 #노동과정신 #기업문화비판,,
116,맹세를 깬 자들,notion,FALSE,FALSE,,#중세역사 #배반의역사 #유럽의기원 #경계의역사 #역사의재해석,,
117,식물성 도시 피토폴리스,notion,FALSE,FALSE,,#식물성도시 #피토폴리스 #생태건축 #미래도시 #환경기술,,
118,쇳돌,notion,FALSE,FALSE,,#광산노동자 #잊힌삶 #노동과사회 #산업과인간 #생명의정당,,
119,미국은 왜 전쟁을 멈추지 못하는가,notion,FALSE,FALSE,,#미국외교 #군산복합체 #방산로비 #국제안보 #9·11테러 #국제질서 #세계패권,,
120,서방의 패배,notion,FALSE,FALSE,,#서구사회 #패배의이유 #정치적경제사 #도구적분석 #지능과전쟁,,
122,"AI 제국: 권력, 자본, 노동",notion,FALSE,FALSE,,#AI제국 #AI비판 #권력과자본 #빅테크의횡포 #기술패권,,
124,공원의 탄생,notion,FALSE,FALSE,,#센트럴파크 #도시계획 #자연과도시,,
125,포식자들의 시간,notion,FALSE,FALSE,,#AI시대 #AI권력 #정치적포식자 #기술패권과정치 #빅테크비판 #극우정치,,
126,고조리서에서 찾은 주안상,notion,FALSE,FALSE,,#고조리서 #주안상 #정월보름음식 #한국의음식문화 #역사속식생활,,
127,중요한 몸,notion,FALSE,FALSE,,#몸의철학 #생물학적존재 #정체성탐구 #신체경험,,
128,야만 시대의 귀환,notion,FALSE,FALSE,,#야만시대 #미국패권 #정치적퇴행 #사회불안 #국제질서,,
129,끔찍한 샐러드,notion,FALSE,FALSE,,#유머와반전 #대중문화의변주 #일상의재발견 #상상력 #식문화와삶,,
130,제국의 오케스트라,notion,FALSE,FALSE,,#제국주의 #음악과정치 #역사적필하모닉 #권력의공생 #문화유산과갈등,,
132,너무 희미한 존재들,notion,FALSE,FALSE,,#성장강요 #은둔청년 #정치적상황 #사회적고립 #세대갈등 #사회적안전망,,
133,어번던스,notion,FALSE,FALSE,,#경쟁과불평등 #미국사회의쇠퇴 #생태계재건 #토착적지식 #대안적삶,,
134,고서의 은밀한 매력,notion,FALSE,FALSE,,#고서의매력 #역사적가치 #고서의보존 #책과문화 #문헌연구,,
135,공중의 복화술,notion,FALSE,FALSE,,#시의언어 #김혜순작가 #시학의탐구 #작가의윤리 #죽음의시인,,
136,조선의 대학로,notion,FALSE,FALSE,,#조선시대교육 #성균관유생 #시험제도 #학문사회,,
137,내 작은 숲속 오두막으로,notion,FALSE,FALSE,,#오두막 #은둔생활 #자기성찰 #삶의방향 #고요한삶,,
138,제발 넘기지 마!,notion,FALSE,FALSE,,#미안함의상처 #자존감 #청소년 #관계의힘,,
139,미국주식 슈퍼 2등 전쟁,notion,FALSE,FALSE,,#미국주식시장 #주식투자전략 #엔비디아 #2등기업 #주식슈퍼전쟁,,
141,눈에 보이지 않는 전쟁과 돈의 역사,notion,FALSE,FALSE,,#전쟁과돈 #돈의흐름 #폭력과전쟁 #전쟁의역사 #돈의역사 #국제정세,,
142,상실,notion,FALSE,FALSE,,#상실의식 #인간의고독 #현대인의불안 #일상의상처 #기억과상실,Y,
143,언보틀드,notion,FALSE,FALSE,,#수돗물불신 #생수산업 #물파산 #부의불평등 #소비자의윤리,,
148,미국의 우생학,notion,FALSE,FALSE,,#우생학 #미국사회 #이민정책 #복지정책 #과학과정치,,
149,겸재 정선,notion,FALSE,FALSE,,#겸재정선 #한국화 #미술사비평 #고전미술,,
150,목수의 연장,notion,FALSE,FALSE,,#현장과삶 #기술과학 #30년,,
151,쾌적한 사회의 불쾌함,notion,FALSE,FALSE,,#쾌적한사회 #불쾌한경험 #병든사회 #사회불평등 #건강과사회,,
154,불필요한 여자,notion,FALSE,FALSE,,"#여성의일생, #전쟁과일상, #중동배경",Y,
155,콘서트홀×오케스트라,notion,FALSE,FALSE,,#콘서트홀 #오케스트라 #음악의미학 #악기와연주 #음악가의삶,,
156,일곱 괴물이 사는 마음,notion,FALSE,FALSE,,#뇌와행동 #분노와죄 #심리적고통 #생물학적원인 #감정의학,,
158,브레이크넥,notion,FALSE,FALSE,,#미국사회 #중국경제 #시스템충돌 #변호사의나라 #엔지니어의나라 #미중갈등 #국제질서,,
159,트레이딩 게임,notion,FALSE,FALSE,,#금융시장 #트레이딩 #부의모순 #머니게임 #투자전략,,
160,필연적 혼자의 시대,notion,FALSE,FALSE,,#1인가구 #신자유주의시스템 #사회적고립감 #사회적안전망 #공간과삶,,
161,떠난 것은 돌아오지 않는다,notion,FALSE,FALSE,,#기억과상실 #삶의의미 #작별과작별 #현대인의고독 #정신적여정,Y,
162,뇌는 어떻게 변화를 거부하는가,notion,FALSE,FALSE,,#뇌과학 #인지행동 #변화저항 #심리적장벽 #자기조절,,
163,얼굴 만들기,notion,FALSE,FALSE,,#성형기술의역사 #성형수술 #몸과사회 #얼굴되찾기 #성형의역사,,
165,우주농업,notion,FALSE,FALSE,,#우주농업 #화성농업 #생명공학 #미래식량 #극한환경,,
166,트위터 X,notion,FALSE,FALSE,,#소셜미디어의문제 #트위터의변화 #표현의자유와책임 #디지털시대의윤리 #플랫폼과정치,,
167,수상한 단어들의 지도 : 꼬리에 꼬리를 무는 어원의 지적 여정,nlk,FALSE,FALSE,,#언어의기원 #어원론 #단어의역사 #문화와언어 #신화와상징,,
168,"2024 AI 트렌드 : 한발 더 빠르게, 누구보다 깊이 있게 AI로 송두리째 바뀔 세상을 포착하다",nlk,FALSE,FALSE,,#인공지능 #미래기술 #산업혁신 #AI트렌드 #디지털전환,,
169,불타는 작품 : 윤고은 장편소설,nlk,FALSE,FALSE,,#작품의가치 #예술과기획 #개와예술 #사진작가 #기발한상황,Y,
170,시대예보,nlk,FALSE,FALSE,,#핵개인 #데이터사회 #인공지능 #생애주기 #변화의시대,,
171,88번 버스의 기적,nlk,FALSE,FALSE,,#첫사랑의흔적 #기억과시간 #일상의기적 #세대차이의만남 #인간관계의온전함,Y,
172,(일하는 당신을 위한) 최고의 수면법 : 아침이 두렵지 않은 직장인의 꿀잠 루틴,nlk,FALSE,FALSE,,#현대인의불안 #상실이후의삶 #빈곤과불평등 #뇌와행동 #기술패권과정치,,
173,세상은 이야기로 만들어졌다 : 신화·거짓말·유토피아,nlk,FALSE,FALSE,,#유토피아 #신화와전설 #미디어의영향 #이야기의사회,,
174,출근하는 책들 : 읽는 삶은 일하는 삶을 어떻게 구하나,nlk,FALSE,FALSE,,#일과삶의정체성 #업무의의미 #관성과체념 #자기주도적학습 #공동체와읽기,,
177,무질서와 질서 사이에서 : 한 복잡계 물리학자의 이야기,nlk,FALSE,FALSE,,#복잡계물리학 #물리학의기원 #과학자의경로 #노벨상 #일상의과학,,
179,혼자가 좋지만 고독사는 걱정입니다 : 누구에게도 의존하지 않고 존엄하게 떠나는 법,nlk,FALSE,FALSE,,#고독사 #1인가구 #존엄한죽음 #사회적고립 #건강관리 #자기결정 #개인적대비책,,
181,"80억 인류, 가보지 않은 미래 : 한중일 고령화, 서구의 극단주의, 신흥국의 인구폭발까지 세계정세의 대전환을 꿰뚫는 인구통계학의 통찰",nlk,FALSE,FALSE,,#인구통계학 #고령화사회 #세계정세 #인구변동 #대전환기,,
183,"이토록 우아한 제로 웨이스트 여행 : 1년 반, 12,500km 유라시아 자전거 유람기",nlk,FALSE,FALSE,,#제로웨이스트여행 #유라시아대륙여행 #자전거여행 #지속가능한여행 #우아한여행,,
185,인류의 여정 : 부와 불평등의 기원 그리고 우리의 미래,nlk,FALSE,FALSE,,#인류진화 #경제혁명 #부와불평등 #뇌과학과진화 #인류의여정,,
187,프랑스의 음식문화사 : 프랑스 음식은 어떻게 세계 최고가 되었나,nlk,FALSE,FALSE,,#프랑스음식문화 #미식의역사 #유네스코인류문화유산 #고대갈리아시대 #요리발전에미친영향 #음식의역사,,
190,경성 맛집 산책,nlk,FALSE,FALSE,,#경성시대 #음식문화 #식민지시대 #맛집탐방 #역사속일상,,
191,미국이 만든 가난 : 가장 부유한 국가에 존재하는 빈곤의 진실,nlk,FALSE,FALSE,,#미국빈곤 #자본주의비판 #경제불평등 #사회문제 #아메리칸드림,,
192,"다크투어, 내 여행의 이름 : 타인의 고통이, 떠나는 이유가 될 수도 있다",nlk,FALSE,FALSE,,#제노사이드 #다크투어리즘 #역사적비극 #고통의기억 #여행의의미,,
193,우리나라 탐조지 100,nlk,FALSE,FALSE,,#조류관찰 #탐조지 #생태계보전 #한국의새 #환경탐사,,
194,"뉴럴 링크 : 21세기를 이끄는 거대한 연결, 뇌-컴퓨터 인터페이스",nlk,FALSE,FALSE,,#뇌와행동 #기술패권과정치 #자연과학 #미래기술 #BCI기술,,
195,각본 없음 : 삶의 다음 페이지로 넘어가기 위해 쓴 것들,nlk,FALSE,FALSE,,#상실과회복 #삶의의미 #기억과정체성 #일상의고통 #다시쓰기,,
196,"유튜브 백과 : 세계의 연결자, 최고의 미디어가 된 빅테크 플랫폼",nlk,FALSE,FALSE,,#유튜브플랫폼 #미디어생태계 #빅테크기업 #콘텐츠전략 #디지털문화,,
197,물질의 세계 : 6가지 물질이 그려내는 인류 문명의 대서사시,nlk,FALSE,FALSE,,#물질과문화 #기술과물질 #역사속물질 #환경과물질 #문명과물질,,
198,출근길 심리학 : 단단하고 유연한 멘탈을 위한 33가지 마음의 법칙,nlk,FALSE,FALSE,,#현대인의불안 #뇌와행동 #상실이후의삶 #심리적회복 #스트레스관리,,
199,"전시디자인, 미술의 발견 : 작품은 어떻게 스토리가 되는가",nlk,FALSE,FALSE,,#전시디자인 #미술과스토리텔링 #공간의의미 #작품해석 #미술관경험,,
200,해파리의 시간은 거꾸로 간다 : 세월의 무게를 덜어 주는 경이로운 노화 과학,nlk,FALSE,FALSE,,#노화과학 #생물학적변화 #세월의무게 #경이로운현상 #시간의흐름,,
202,친애하는 슐츠 씨 : 오래된 편견을 넘어선 사람들,nlk,FALSE,FALSE,,#미국사회 #차별과편견 #탄생의배경 #인권운동 #사회적불평등,,
204,나답게 산다는 것 : 나를 찾고자 하는 이들의 철학수업,nlk,FALSE,FALSE,,#자기성찰 #철학적삶 #인간의가치 #나를찾는여정 #일상철학,,
205,자화상 내 마음을 그리다,nlk,FALSE,FALSE,,#자화상 #심리학 #미술치료 #내면의성찰 #자기초월,,
206,"살아있니, 황금두더지 : 사라져 가는 존재에 대한 기억",nlk,FALSE,FALSE,,#황금두더지 #동물행태 #감각과인식 #미지의존재 #기억과실체,,
208,(조용하고 끈질기게 살아남은) 잡초들의 전략,nlk,FALSE,FALSE,,#생명전략 #식물학 #생존기술 #환경적응 #자연의지혜,,
209,"AGI 시대와 인간의 미래 : 챗GPT 이후의 삶, 일자리 그리고 교육",nlk,FALSE,FALSE,,#AGI시대 #인공지능과일자리 #생성형AI #미래기술과교육 #범용인공지능,,
210,이렇게 누워만 있어도 괜찮을까 : 오늘도 고립의 시간을 살아가는 여성 청년들,nlk,FALSE,FALSE,,#고립청년 #여성청년 #여성고립 #자살위험 #코로나19 #사회적고립 #사회적안전망,,
212,쓸데없는 걱정으로 준비된 체력이 소진되었습니다 : 쉽게 불안해하는 당신을 위한 걱정 끊기의 기술,nlk,FALSE,FALSE,,#불안과정념 #비교와자존감 #심리적패배감 #걱정끊기의기술 #자기수용훈련,,
213,공감사회를 위한 담론들,nlk,FALSE,FALSE,,#사회양극화 #공감사회 #개인과공동체 #자유주의비판 #대안담론 #사회담론,,
214,"외로움의 습격 : 모두, 홀로 남겨질 것이다",nlk,FALSE,FALSE,,#외로움 #사회적고립 #현대인의불안 #인간관계 #사회적안전망 #사회적해법,,
215,(쇼펜하우어의) 고독한 행복,nlk,FALSE,FALSE,,#쇼펜하우어 #고독 #행복의철학 #삶의실체 #내면의평화,,
216,남겨진 것들의 기록 : 유품정리사가 써내려간 떠난 이들의 뒷모습,nlk,FALSE,FALSE,,#고독사와유품정리 #상실의아픔 #삶의마지막 #개인화된삶 #외로움과상실,,
217,세상에서 가장 긴 행복 탐구 보고서 : '행복의 조건'을 찾는 하버드의 연구는 지금도 계속된다,nlk,FALSE,FALSE,,#행복연구 #하버드연구 #성인발달 #행복의조건 #삶의변화,,
218,"가난한 아이들은 어떻게 어른이 되는가 : 빈곤과 청소년, 10년의 기록",nlk,FALSE,FALSE,,#빈곤과불평등 #청소년기 #사회적고립 #가정환경 #청소년빈곤 #청년빈곤 #더나은공동체 #사회적안전망,,
219,고층 입원실의 갱스터 할머니,nlk,FALSE,FALSE,,#루푸스병 #고독한투병 #일상의고통 #존재론적고찰 #할머니의삶,,
220,뭉크의 별이 빛나는 밤 : 고독 속 절규마저 빛나는 순간,nlk,FALSE,FALSE,,#뭉크 #예술가의고독 #고통과창작 #삶과작품 #희망과절망,,
221,내가 누구인지 아는 것이 왜 중요한가 : 그간 외면해온 외로운 나에게 인생을 묻다,nlk,FALSE,FALSE,,#자기인식 #내면탐구 #인간심리 #존재론적질문 #고독과소통,,
222,나에게 진실이라는 거짓을 맹세해,nlk,FALSE,FALSE,,#범죄심리 #진실과거짓 #관계의불안 #노르웨이사회 #인간의심각한면,Y,
225,일생에 한번은 헌법을 읽어라 : 흔들릴 때마다 삶의 중심을 잡아주는 기준에 관하여,nlk,FALSE,FALSE,,#헌법 #법치주의 #국가와법 #정치사상 #법과정치,,
226,완벽이라는 중독 : 불안한 완벽주의자를 위한 심리학,nlk,FALSE,FALSE,,#완벽주의 #불안 #심리학 #자기몰아세움 #정신건강,,
227,생각의 기술 : 바로 써먹는 논리학 사용법,nlk,FALSE,FALSE,,#논리학 #사고력향상 #비판적사고 #소통능력 #인간심리,,
228,기술은 세상을 어떻게 바꾸는가 : 최초의 질문에서 패러다임이 되기까지,nlk,FALSE,FALSE,,#기술의발전 #혁신기술 #기술과사회 #사회적조건 #기술이야기 #명쾌한설명,,
229,가위는 왜 가위처럼 생겼을까,nlk,FALSE,FALSE,,#물리학적원리 #도구의설계 #일상의과학 #인간과도구 #과학적호기심,,
230,"제대로 연습하는 법 : 어학부터 스포츠까지, 인지심리학이 제시하는 배움의 기술",nlk,FALSE,FALSE,,#인지심리학 #배움의기술 #훈련과성장 #심리과학 #기량향상,,
231,"침묵을 배우는 시간 : 말이 넘쳐나는 세상 속, 더욱 빛을 발하는 침묵의 품격",nlk,FALSE,FALSE,,#침묵과소통 #내면의성장 #현대인의고요 #관계의미학 #고요의품격,,
233,빛이 이끄는 곳으로 : 백희성 장편소설,nlk,FALSE,FALSE,,#건축과인간관계 #파리저택미스터리 #기억과공간 #건축가의삶 #집과일상,Y,
234,개미 오디세이 : 운명을 짊어진 개미의 여정,nlk,FALSE,FALSE,,#개미의생태 #곤충학 #군집행위 #생물다양성 #생태계전환,,
235,"(교양인이 알아야 할) 음식의 역사 : 인류는 무엇을 어떻게 먹어왔을까, 그리고 미래에도 그렇게 먹을 수 있을까",nlk,FALSE,FALSE,,#음식의역사 #인류의식습관 #문화와음식 #식습성과사회 #미래의식생활,,
237,"코끼리는 암에 걸리지 않는다 : 삶의 한계에 도전하는 동물들, 그 경이로움에 관하여",nlk,FALSE,FALSE,,#암과질병 #동물의생존 #생태적회복탄력성 #생명과학 #자연의지혜,,
238,텔로미어,nlk,FALSE,FALSE,,#텔로미어 #노화와수명 #생명진화 #세포분열 #염색체과학,Y,
239,상상하는 공학 진화하는 인간 : KAIST 기계공학과 교수들이 들려주는 첨단 기술의 오늘과 내일,nlk,FALSE,FALSE,,#인공지능 #기계공학 #첨단기술 #미래기술 #기술발전,,
240,시간의 지배자 : 사피엔스를 지구의 정복자로 만든 예지의 과학,nlk,FALSE,FALSE,,#인류진화 #예지력 #사피엔스 #과학적탐구 #시간의인과관계,,
241,초연결 학교 : 세상을 품은 학교의 시대가 온다,nlk,FALSE,FALSE,,#초연결학교 #교육의미래 #학교혁신 #지식플랫폼 #세상과의연결,,
242,"왜 읽고 쓰고 걸어야 하는가 : 비고츠키, 진화학, 뇌과학, 마을교육공동체의 만남",nlk,FALSE,FALSE,,#뇌과학 #비고츠키이론 #진화학 #교육공동체 #인간발달,,
243,숨 쉬는 것들은 어떻게든 진화한다 : 변화 가득한 오늘을 살아내는 자연 생태의 힘,nlk,FALSE,FALSE,,#생태진화 #도시생태 #스트레스와생존 #자연적응 #동물행태연구,,
244,(빼앗긴 집중력을 되찾고 당신의 뇌를 최적화할) 깊은 생각의 비밀,nlk,FALSE,FALSE,,#뇌와행동 #깊은사고 #인공지능 #인지심리학 #생각훈련,,
247,균형 잡힌 뇌 : 인공지능 시대가 버거운 당신에게,nlk,FALSE,FALSE,,#인공지능 #현대인의불안 #공감의필요 #균형잡힌뇌 #삶의균형,,
248,데드 스페이스,nlk,FALSE,FALSE,,#인공지능의진화 #미래우주시대 #기업의횡포 #인간과기계 #공진화,Y,
249,"철학으로 돌파하라 : 변화의 시대, 불안을 기대로 바꿔줄 43가지 지혜의 도구",nlk,FALSE,FALSE,,#불안과정념 #변화의철학 #사회문제와철학 #기회와위기 #미래사고,,
250,나는 언제나 늙기를 기다려왔다,nlk,FALSE,FALSE,,#노년의시간 #시간의흐름 #자기성찰 #늙음에대한인식 #생애의전환점,,
251,스테로이드 인류 : 기적과 죽음의 연대기,nlk,FALSE,FALSE,,#스테로이드 #호르몬 #의약역사 #기적과죽음 #실험과치험,,
253,100가지 물건으로 보는 우주의 역사 : NASA 과학자가 선정한 인류의 지혜로운 도구들,nlk,FALSE,FALSE,,#우주역사 #과학의물리학 #천체관측 #NASA #인문과학,,
254,감상의 심리학 : 예술 작품을 볼 때 머릿속에서는 무슨일이 벌어질까?,nlk,FALSE,FALSE,,#예술심리학 #뇌와행동 #감상과인식 #감상의심리학,,
256,대화를 한다는 것,nlk,FALSE,FALSE,,#대화의미 #경청의기술 #인간관계의심리학 #의사소통방식 #침묵의의미,,
257,AI 시대 창의적 인간 : 인간은 어떻게 인공지능과 공존할 것인가,nlk,FALSE,FALSE,,#AI시대 #창의적인간 #크리지먼트 #인간과AI의협력 #창의성확장 #새로운지평,,
259,AI를 압도하는 내면 경쟁력 : 나의 가능성을 발견하는 7가지 인간다움의 힘,nlk,FALSE,FALSE,,#인공지능과인간 #내면의힘 #내면경쟁력 #인간다움 #심리학,,
260,"꽃을 공부합니다 : 가드너의 꽃, 문화, 그리고 과학 이야기",nlk,FALSE,FALSE,,#꽃과생태 #식물과학 #문화와생명 #가드너의탐구 #생명의다양성,,
261,다정함이 인격이다 : 임상심리전문가 김선희가 전하는 다정함의 심리학,nlk,FALSE,FALSE,,#다정함 #다정함의심리학 #다정한관계 #인간관계 #상담심리,,
262,경이로운 한국인,nlk,FALSE,FALSE,,#한국인 #문화관찰 #일상의미 #사회심리 #배려의식,,
265,노화도 설계하는 시대가 온다 : AI와 바이오 혁명이 바꾸는 노화의 미래,nlk,FALSE,FALSE,,#AI기술 #바이오혁신 #노화연구 #유전자편집 #생명과학,,
266,먼저 온 미래 : AI 이후의 세계를 경험한 사람들,nlk,FALSE,FALSE,,#인공지능의영향 #바둑과인공지능 #AI시대 #기술과인간 #논픽션르포,,
267,젊음의 나라 : 손원평 장편소설,nlk,FALSE,FALSE,,#청년문제 #세대갈등 #미래사회 #노인복지 #공동체,Y,
268,바닥짐 위의 행복 : 이것이 진정한 행복이다,nlk,FALSE,FALSE,,#행복의미 #내면의태도 #삶의의미 #정신적행복 #실존적행복,,
269,최재천의 희망 수업 : 그럼에도 오늘을 살아가고 내일을 꿈꿔야 하는 이유,nlk,FALSE,FALSE,,#통섭형인재 #희망과가치 #희망수업 #생태적삶 #생태적전환,,
270,내 생의 가장 아름다운 완성 : 나이 듦과 웰에이징에 관한 9인 교수들의 행복 예찬,nlk,FALSE,FALSE,,#웰에이징 #나이듦 #행복론 #노년의삶 #성숙의길,,
271,"행복 호르몬 : 무기력, 불안, 우울, 고통을 극복하는 내 안의 힘",nlk,FALSE,FALSE,,#뇌와행동 #신체심리학 #임상심리학 #현대인의불안 #행복호르몬 #일상속작은변화 #일상의행복,,
272,단단한 행복 : 아리스토텔레스에게 배우는 행복에 관한 철학 수업,nlk,FALSE,FALSE,,#아리스토텔레스 #행복의철학 #가치있는삶 #본질적행복 #영혼의성장,,
273,아주 오래된 행복론,nlk,FALSE,FALSE,,#행복론 #알랭 #철학적단상 #습관의힘 #프로포,,
274,회복탄력성의 뇌과학 : 하버드대 의사가 알려주는 5가지 회복탄력성 리셋 버튼,nlk,FALSE,FALSE,,#뇌과학 #회복탄력성 #스트레스관리 #심리적회복 #건강한습관,,
275,파이어드 : 부의 해방일지,nlk,FALSE,FALSE,,#경제적자유 #파이어족 #불확실한시대 #행복의가치 #경제적독립,,
276,파란색 미술관 : 감정에 푸른 물결을 일으킨 15인의 화가들,nlk,FALSE,FALSE,,#파란색미술 #감성미술 #현실과환상 #예술가와감정 #색채심리,,
277,내게 남은 스물다섯 번의 계절 : 슈테판 셰퍼 소설,nlk,FALSE,FALSE,,#스물다섯 #트라우마 #괴짜농부 #회복 #인간관계,,
278,고흐로 읽는 심리수업,nlk,FALSE,FALSE,,#고흐 #심리분석 #예술과정신 #자기성찰 #감정의탐구,,
279,미래를 여행하는 회의주의자를 위한 안내서 : 오늘의 과학으로 내일을 상상하는 법,nlk,FALSE,FALSE,,#미래예측 #미래기술 #과학적상상 #미래학 #더나은미래,,
280,영원을 향하여 : 안톤 허 장편소설,nlk,FALSE,FALSE,,#불멸 #영원 #과학과윤리 #기억과정체성 #근미래사회,Y,
281,구멍 난 세계 : 우리 세계에 뚫린 구멍에 관한 이야기,nlk,FALSE,FALSE,,#상실의고통 #기행문 #아프리카여행 #삶의구멍 #무기력감,,
282,낯섦과 공존 : AI 시대의 세계관 확장 수업,nlk,FALSE,FALSE,,#AI시대 #세계관확장 #낯선기술 #공존의방식 #기술과인간,,
283,나는 다시 나를 설계하기로 했다 : 독일 최고의 멘탈 코치가 증명한 생각·행동·습관 설계의 핵심 52,nlk,FALSE,FALSE,,#습관설계 #뇌과학과행동 #자기계발 #멘탈코칭 #개인정신,,
285,철학자 16인의 인생수업 : MBTI로 만나는 각양각색 인생 답안지,nlk,FALSE,FALSE,,#철학입문 #MBTI #인생의방향 #철학자와인생 #소크라테스,,
286,빛을 먹는 존재들 : 온몸으로 경험하고 세상에 파고드는 식물지능의 경이로운 세계,nlk,FALSE,FALSE,,#식물지능 #계략과생존 #생태계의소통 #환경과학 #계통발달,,
287,코다 : 내가 살아가는 두 세계,nlk,FALSE,FALSE,,#청인 #가족의소통 #감각의차이 #농인부모 #소통과이해,,
288,노 피플 존 : 정이현 소설,nlk,FALSE,FALSE,,#관계의고립 #도시의욕망 #모순적감정 #사회구조 #일상의균열,Y,
289,브랜드 코드 : 베타라이프 : 일상에서 답을 찾는 브랜딩 인사이트,nlk,FALSE,FALSE,,#브랜딩 #베타라이프 #일상브랜딩 #컨설팅 #완벽추구,,
290,잠시 멈춤 : 논쟁은 줄이고 소통은 더하는 대화의 원칙,nlk,FALSE,FALSE,,#대화의원칙 #소통의기술 #갈등해결 #경청의미 #관계의심리학,,
291,"호랑이는 숲에 살지 않는다 : 멸종, 공존 그리고 자연의 질서에 관한 이야기",nlk,FALSE,FALSE,,#호랑이보전 #생태계파괴 #공존과생명 #보전생물학 #자연의질서,,
292,넥스트 씽킹 : 노벨물리학상 수상자의 사고 대전환 프로젝트,nlk,FALSE,FALSE,,#정보의신뢰 #사고의전환 #확증편향 #과학적사고법,,
293,茶가일상 : 차 한잔에 이렇게 재미있는 역사·문화·예술·영화 스토리가?,nlk,FALSE,FALSE,,#차의역사 #차이야기 #아편전쟁 #영화와차 #차덕후 #음식문화,,
31,슬픔의 물리학,notion,TRUE,FALSE,,#고통과공감 #삶의회복 #가족의상실 #문학적고찰 #소설,,
76,반대편 사람 주의,notion,TRUE,FALSE,,#우울증 #인간관계 #삶의회복 #마음의고통 #소설,,
152,인터메초,notion,TRUE,FALSE,,#현대인의불안 #형제관계 #인간관계 #상실이후의삶 #변화와회복 #소설,,
153,셔터우의 세 자매,notion,TRUE,FALSE,,#중국문학 #세자매 #가족드라마 #역사적배경 #사회비판 #소설,,
176,공룡의 이동 경로 : 김화진 소설,nlk,TRUE,FALSE,,#인간관계 #소설 #마음의이동 #글쓰기 #관계의복잡성,,
178,좋은 엄마 학교,nlk,TRUE,FALSE,,#감시사회 #엄마의정체성 #기술통제 #사회적압박 #디스토피아문학 #소설,,
188,노숙 인생,nlk,TRUE,FALSE,,#노숙인 #현대인의고립 #기술과인간관계 #생존과존엄 #사회적불평등 #소설,,
211,윈터 씨의 해빙기 : 슈테판 쿨만 장편소설,nlk,TRUE,FALSE,,#상실과회복 #인간관계 #마음의고립 #사랑과관계 #인생의갈등 #소설,,
1,사과하려 했는데,notion,FALSE,TRUE,,#미안함 #가족의관계 #어린이문학 #감정탐구 #성장소설,,
6,오징어땅콩전,notion,FALSE,TRUE,,#오징어땅콩 #전쟁이야기 #어린이문학 #이야기의힘 #상상력,,
9,눈물도감,notion,FALSE,TRUE,,#눈물과감정 #자연과학어린이 #감정의미 #어린이문학 #눈물의과학,,
36,꽃무늬 원피스를 입은 소년,notion,FALSE,TRUE,,#소년의일상 #꽃무늬의미 #어린이문학 #감성적이야기 #평범함의예술,,
46,할매 꽃바지,notion,FALSE,TRUE,,#할머니와꽃 #어린이문학 #일상의소중함 #가족의사랑 #회상과기억,,
48,싫으니까 싫어,notion,FALSE,TRUE,,#싫음의감정 #어린이문학 #유령과눈사람 #감정표현 #인간관계,,
63,나는 커다란 나무였으나,notion,FALSE,TRUE,,#어린이문학 #요정과나무 #자연과상상력 #심리적성장 #꿈과정체,,
65,세상에서 가장 예쁜 선물,notion,FALSE,TRUE,,#엄마의선물 #어린이문학 #가족의사랑 #감성그림책 #생일의기쁨,,
105,안데르센의 마지막 선물,notion,FALSE,TRUE,,#안데르센동화 #19세기유럽 #어린이문학 #마법과상상력 #기억과선물,,
107,친절한 땅콩 호텔,notion,FALSE,TRUE,,#인간관계 #호텔의일상 #자녀와의소통 #감성적교감 #어린이문학,,
111,마나의 편지,notion,FALSE,TRUE,,#마나의편지 #어린이문학 #사계절이야기 #복숭아친구들 #달콤한상상,,
121,서랍 정리하는 날,notion,FALSE,TRUE,,#추억의물건 #어린이문학 #일상의소중함 #그림책 #기억과정렬,,
123,커다란 트럭에 이삿짐을 가득 실어요,notion,FALSE,TRUE,,#이삿짐 #어린이문학 #일상의행복 #텃밭과빵,,
144,그때 그게 거기 있었어,notion,FALSE,TRUE,,#일상의모순 #낯선마음 #어린이문학 #현대인의불안 #상실과회복,,
145,나무주연상,notion,FALSE,TRUE,,#나무의성장 #어린이문학 #가정의소중함 #자연과교감,,